catchment,network,year,mmwr_year,mmwr_week,age_category,sex,race,date,cumulative_rate,weekly_rate,Confirmed,Deaths,Recovered,hospitalization_ratio,recovery_per_confirmed
Michigan,IHSP,2020.0,2020.0,12.0,Overall,Overall,Overall,2020-03-21,115.50000000000001,113.8,78.0,0.0,0.0,14540.948192307693,0.0
Georgia,EIP,2020.0,2020.0,12.0,Overall,Overall,Overall,2020-03-21,268.2,205.6,278.0,4.0,0.0,7920.789551079136,0.0
Connecticut,EIP,2020.0,2020.0,12.0,Overall,Overall,Overall,2020-03-21,122.6,102.5,67.0,0.0,0.0,5441.688283582089,0.0
Ohio,IHSP,2020.0,2020.0,12.0,Overall,Overall,Overall,2020-03-21,34.6,28.300000000000004,88.0,0.0,0.0,3760.432285227273,0.0
Tennessee,EIP,2020.0,2020.0,12.0,Overall,Overall,Overall,2020-03-21,72.10000000000001,54.3,131.0,0.0,0.0,2854.6189786259542,0.0
Maryland,EIP,2020.0,2020.0,12.0,Overall,Overall,Overall,2020-03-21,49.400000000000006,40.8,105.0,0.0,0.0,2353.111634285714,0.0
Colorado,EIP,2020.0,2020.0,12.0,Overall,Overall,Overall,2020-03-21,176.9,142.5,375.0,2.0,0.0,2206.93322,0.0
Georgia,EIP,2020.0,2020.0,13.0,Overall,Overall,Overall,2020-03-28,619.4000000000001,351.40000000000003,2301.0,67.0,0.0,1635.593208952629,0.0
Connecticut,EIP,2020.0,2020.0,13.0,Overall,Overall,Overall,2020-03-28,582.0999999999999,459.6,1040.0,17.0,0.0,1571.9230361538462,0.0
Utah,IHSP,2020.0,2020.0,12.0,Overall,Overall,Overall,2020-03-21,30.3,26.599999999999998,57.0,0.0,0.0,1516.6101999999996,0.0
California,EIP,2020.0,2020.0,12.0,Overall,Overall,Overall,2020-03-21,80.10000000000001,60.1,1590.0,24.0,28.0,1488.0638288050316,0.01761006289308176
Minnesota,EIP,2020.0,2020.0,12.0,Overall,Overall,Overall,2020-03-21,23.100000000000005,20.599999999999998,87.0,0.0,0.0,1339.5545425287355,0.0
Michigan,IHSP,2020.0,2020.0,13.0,Overall,Overall,Overall,2020-03-28,497.49999999999994,382.09999999999997,2910.0,20.0,0.0,1308.6668953608246,0.0
Maryland,EIP,2020.0,2020.0,13.0,Overall,Overall,Overall,2020-03-28,236.20000000000002,186.69999999999996,879.0,7.0,6.0,1286.255100568828,0.006825938566552901
Colorado,EIP,2020.0,2020.0,13.0,Overall,Overall,Overall,2020-03-28,632.0,455.19999999999993,2125.0,23.0,0.0,1244.0817359058822,0.0
Tennessee,EIP,2020.0,2020.0,13.0,Overall,Overall,Overall,2020-03-28,309.7,237.69999999999996,1468.0,3.0,0.0,1115.122916757493,0.0
Oregon,EIP,2020.0,2020.0,12.0,Overall,Overall,Overall,2020-03-21,51.300000000000004,40.1,156.0,1.0,0.0,1090.284812179487,0.0
Ohio,IHSP,2020.0,2020.0,13.0,Overall,Overall,Overall,2020-03-28,114.0,78.80000000000001,1099.0,8.0,0.0,838.4217466787991,0.0
Iowa,IHSP,2020.0,2020.0,12.0,Overall,Overall,Overall,2020-03-21,23.5,23.5,108.0,0.0,0.0,688.3674398148148,0.0
Oregon,EIP,2020.0,2020.0,13.0,Overall,Overall,Overall,2020-03-28,153.29999999999998,101.89999999999998,650.0,20.0,0.0,664.9377896923075,0.0
California,EIP,2020.0,2020.0,13.0,Overall,Overall,Overall,2020-03-28,170.10000000000002,89.99999999999999,7145.0,127.0,12.0,495.88901609517137,0.0016794961511546536
New York,EIP,2020.0,2020.0,12.0,Overall,Overall,Overall,2020-03-21,71.3,56.599999999999994,2399.0,5.0,0.0,456.21572388495196,0.0
Minnesota,EIP,2020.0,2020.0,13.0,Overall,Overall,Overall,2020-03-28,78.79999999999998,55.7,700.0,2.0,0.0,450.1627848571429,0.0
Connecticut,EIP,2020.0,2020.0,14.0,Overall,Overall,Overall,2020-04-04,1452.6000000000001,870.0999999999999,7728.0,156.0,0.0,400.48536757246376,0.0
Maryland,EIP,2020.0,2020.0,14.0,Overall,Overall,Overall,2020-04-04,521.5,285.50000000000006,4656.0,35.0,0.0,371.33407882302413,0.0
New Mexico,EIP,2020.0,2020.0,13.0,Overall,Overall,Overall,2020-03-28,55.29999999999999,39.199999999999996,241.0,0.0,0.0,342.60458423236514,0.0
Colorado,EIP,2020.0,2020.0,14.0,Overall,Overall,Overall,2020-04-04,1165.3,533.5,9358.0,155.0,0.0,331.0983208484719,0.0
New Mexico,EIP,2020.0,2020.0,12.0,Overall,Overall,Overall,2020-03-21,16.299999999999997,5.9,41.0,0.0,0.0,303.10444146341473,0.0
Georgia,EIP,2020.0,2020.0,14.0,Overall,Overall,Overall,2020-04-04,937.6999999999999,318.3,11587.0,358.0,0.0,294.20889023043065,0.0
Tennessee,EIP,2020.0,2020.0,14.0,Overall,Overall,Overall,2020-04-04,621.8000000000001,311.90000000000003,7948.0,31.0,0.0,270.2571118017112,0.0
Michigan,IHSP,2020.0,2020.0,14.0,Overall,Overall,Overall,2020-04-04,1087.1999999999998,589.5999999999999,22035.0,478.0,0.0,266.6794113002042,0.0
Utah,IHSP,2020.0,2020.0,13.0,Overall,Overall,Overall,2020-03-28,70.89999999999999,40.39999999999999,597.0,1.0,0.0,219.9248100502512,0.0
Ohio,IHSP,2020.0,2020.0,14.0,Overall,Overall,Overall,2020-04-04,238.70000000000002,124.8,6778.0,113.0,0.0,215.3014874004131,0.0
Iowa,IHSP,2020.0,2020.0,15.0,Overall,Overall,Overall,2020-04-11,324.2,292.6,4437.0,76.0,0.0,208.62248109082714,0.0
Iowa,IHSP,2020.0,2020.0,16.0,Overall,Overall,Overall,2020-04-18,897.5,573.2999999999998,8892.0,212.0,0.0,203.96643289473678,0.0
Iowa,IHSP,2020.0,2020.0,17.0,Overall,Overall,Overall,2020-04-25,1800.5999999999995,902.9999999999999,15492.0,416.0,0.0,184.39811405886906,0.0
Minnesota,EIP,2020.0,2020.0,14.0,Overall,Overall,Overall,2020-04-04,158.90000000000003,79.9,2465.0,23.0,0.0,183.37591310344828,0.0
Oregon,EIP,2020.0,2020.0,14.0,Overall,Overall,Overall,2020-04-04,257.30000000000007,104.0,2426.0,72.0,0.0,181.82882440230833,0.0
Minnesota,EIP,2020.0,2020.0,15.0,Overall,Overall,Overall,2020-04-11,305.69999999999993,146.79999999999995,5224.0,132.0,0.0,158.97737473200607,0.0
New Mexico,EIP,2020.0,2020.0,14.0,Overall,Overall,Overall,2020-04-04,130.00000000000003,74.7,990.0,6.0,0.0,158.93134272727275,0.0
Maryland,EIP,2020.0,2020.0,15.0,Overall,Overall,Overall,2020-04-11,904.7,383.2,16890.0,264.0,0.0,137.3939210420367,0.0
California,EIP,2020.0,2020.0,14.0,Overall,Overall,Overall,2020-04-04,261.49999999999994,91.19999999999997,27147.0,563.0,0.0,132.25655555309973,0.0
Connecticut,EIP,2020.0,2020.0,15.0,Overall,Overall,Overall,2020-04-11,2495.6999999999994,1042.9999999999998,28945.0,787.0,0.0,128.1726466747279,0.0
Minnesota,EIP,2020.0,2020.0,16.0,Overall,Overall,Overall,2020-04-18,504.1000000000001,198.29999999999998,8833.0,344.0,0.0,127.00678349371674,0.0
Colorado,EIP,2020.0,2020.0,15.0,Overall,Overall,Overall,2020-04-11,1634.2,468.59999999999997,24481.0,613.0,0.0,111.1677269474286,0.0
Minnesota,EIP,2020.0,2020.0,17.0,Overall,Overall,Overall,2020-04-25,761.7,257.5,13569.0,689.0,0.0,107.35983233841846,0.0
Minnesota,EIP,2020.0,2020.0,18.0,Overall,Overall,Overall,2020-05-02,1091.6000000000001,330.2,20934.0,1419.0,0.0,89.23542220311454,0.0
Georgia,EIP,2020.0,2020.0,15.0,Overall,Overall,Overall,2020-04-11,1181.3,243.89999999999998,35361.0,1096.0,0.0,73.87158582336471,0.0
Iowa,IHSP,2020.0,2020.0,18.0,Overall,Overall,Overall,2020-05-02,2444.8,644.0999999999999,29485.0,685.0,0.0,69.10800882143462,0.0
Maryland,EIP,2020.0,2020.0,16.0,Overall,Overall,Overall,2020-04-18,1380.3999999999999,476.09999999999997,43017.0,1069.0,0.0,67.02390525141223,0.0
New York,EIP,2020.0,2020.0,13.0,Overall,Overall,Overall,2020-03-28,227.9,157.0,46353.0,292.0,0.0,65.49465691541,0.0
Utah,IHSP,2020.0,2020.0,14.0,Overall,Overall,Overall,2020-04-04,131.8,60.699999999999996,3085.0,8.0,0.0,63.944134619124796,0.0
Ohio,IHSP,2020.0,2020.0,15.0,Overall,Overall,Overall,2020-04-11,351.20000000000005,112.5,20674.0,553.0,0.0,63.63001414820547,0.0
Colorado,EIP,2020.0,2020.0,16.0,Overall,Overall,Overall,2020-04-18,2092.7,459.0,41944.0,1480.0,0.0,63.55481167747472,0.0
California,EIP,2020.0,2020.0,15.0,Overall,Overall,Overall,2020-04-11,375.9,114.2,75395.0,1658.0,0.0,59.630406626434116,0.0
Oregon,EIP,2020.0,2020.0,15.0,Overall,Overall,Overall,2020-04-11,336.4,79.0,5724.0,145.0,0.0,58.53931743535989,0.0
Michigan,IHSP,2020.0,2020.0,15.0,Overall,Overall,Overall,2020-04-11,1520.3,433.19999999999993,76906.0,2831.0,0.0,56.140114243362014,0.0
Connecticut,EIP,2020.0,2020.0,16.0,Overall,Overall,Overall,2020-04-18,3513.7000000000007,1017.9000000000001,66335.0,2685.0,0.0,54.581690018843744,0.0
New Mexico,EIP,2020.0,2020.0,15.0,Overall,Overall,Overall,2020-04-11,206.70000000000002,76.8,3018.0,49.0,0.0,53.60016540755467,0.0
Minnesota,EIP,2020.0,2020.0,19.0,Overall,Overall,Overall,2020-05-09,1424.3999999999999,332.49999999999994,36397.0,2431.0,0.0,51.68190276671153,0.0
Oregon,EIP,2020.0,2020.0,16.0,Overall,Overall,Overall,2020-04-18,431.20000000000005,94.99999999999999,8922.0,277.0,0.0,45.16287435552566,0.0
Colorado,EIP,2020.0,2020.0,17.0,Overall,Overall,Overall,2020-04-25,2523.6000000000004,430.5999999999999,59351.0,2497.0,0.0,42.13583261276136,0.0
Maryland,EIP,2020.0,2020.0,17.0,Overall,Overall,Overall,2020-04-25,1896.7,516.4,75969.0,2410.0,0.0,41.164371688451865,0.0
New Mexico,EIP,2020.0,2020.0,16.0,Overall,Overall,Overall,2020-04-18,339.4,132.6,6817.0,116.0,0.0,40.97079351620947,0.0
Tennessee,EIP,2020.0,2020.0,15.0,Overall,Overall,Overall,2020-04-11,740.5,118.49999999999997,20276.0,241.0,0.0,40.24905449792857,0.0
Ohio,IHSP,2020.0,2020.0,16.0,Overall,Overall,Overall,2020-04-18,473.1,121.9,38627.0,1446.0,0.0,36.901730714267224,0.0
Georgia,EIP,2020.0,2020.0,16.0,Overall,Overall,Overall,2020-04-18,1430.3999999999999,249.10000000000002,72699.0,2577.0,0.0,36.69741309646625,0.0
Utah,IHSP,2020.0,2020.0,15.0,Overall,Overall,Overall,2020-04-11,213.3,81.5,7964.0,44.0,0.0,33.25780242340532,0.0
Ohio,IHSP,2020.0,2020.0,17.0,Overall,Overall,Overall,2020-04-25,646.4999999999999,173.4,61399.0,2707.0,0.0,33.02340148536621,0.0
California,EIP,2020.0,2020.0,16.0,Overall,Overall,Overall,2020-04-18,477.3999999999999,101.39999999999999,137559.0,3678.0,0.0,29.019715970601702,0.0
Minnesota,EIP,2020.0,2020.0,20.0,Overall,Overall,Overall,2020-05-16,1758.3000000000002,333.79999999999995,65178.0,3545.0,0.0,28.973284844579457,0.0
Tennessee,EIP,2020.0,2020.0,16.0,Overall,Overall,Overall,2020-04-18,876.1999999999999,135.5,32469.0,621.0,0.0,28.7402139579291,0.0
Oregon,EIP,2020.0,2020.0,17.0,Overall,Overall,Overall,2020-04-25,508.8,77.39999999999999,12155.0,446.0,0.0,27.008855763060463,0.0
Maryland,EIP,2020.0,2020.0,18.0,Overall,Overall,Overall,2020-05-02,2388.0,491.1000000000001,111352.0,5263.0,0.0,26.708136020906675,0.0
Connecticut,EIP,2020.0,2020.0,17.0,Overall,Overall,Overall,2020-04-25,4338.2,824.3999999999999,110330.0,6361.0,0.0,26.578407925314963,0.0
Utah,IHSP,2020.0,2020.0,16.0,Overall,Overall,Overall,2020-04-18,325.0,111.89999999999998,13755.0,105.0,0.0,26.438492191930195,0.0
Tennessee,EIP,2020.0,2020.0,17.0,Overall,Overall,Overall,2020-04-25,1043.6,167.20000000000002,43561.0,924.0,0.0,26.433705488854713,0.0
Michigan,IHSP,2020.0,2020.0,16.0,Overall,Overall,Overall,2020-04-18,1897.1999999999998,376.7,148324.0,7746.0,0.0,25.312163024864486,0.0
Colorado,EIP,2020.0,2020.0,18.0,Overall,Overall,Overall,2020-05-02,2870.8,347.50000000000006,81037.0,4007.0,0.0,24.904455403087482,0.0
Utah,IHSP,2020.0,2020.0,17.0,Overall,Overall,Overall,2020-04-25,467.5,142.70000000000002,18790.0,146.0,0.0,24.68109277807345,0.0
Ohio,IHSP,2020.0,2020.0,18.0,Overall,Overall,Overall,2020-05-02,856.6000000000001,210.29999999999998,102183.0,4461.0,0.0,24.06548579607175,0.0
Georgia,EIP,2020.0,2020.0,17.0,Overall,Overall,Overall,2020-04-25,1679.3999999999999,249.20000000000002,111713.0,4139.0,0.0,23.89100853436932,0.0
Minnesota,EIP,2020.0,2020.0,21.0,Overall,Overall,Overall,2020-05-23,2161.2000000000003,402.79999999999995,95522.0,4647.0,0.0,23.85604737756747,0.0
New Mexico,EIP,2020.0,2020.0,17.0,Overall,Overall,Overall,2020-04-25,451.5,112.10000000000001,10815.0,281.0,0.0,21.83248820157189,0.0
New Mexico,EIP,2020.0,2020.0,18.0,Overall,Overall,Overall,2020-05-02,617.8000000000001,166.40000000000003,16438.0,541.0,0.0,21.322027107920675,0.0
Iowa,IHSP,2020.0,2020.0,19.0,Overall,Overall,Overall,2020-05-09,2778.3,333.5,51934.0,1102.0,0.0,20.315161426040746,0.0
Tennessee,EIP,2020.0,2020.0,18.0,Overall,Overall,Overall,2020-05-02,1194.5,151.0,57876.0,1164.0,0.0,17.967930299260487,0.0
Iowa,IHSP,2020.0,2020.0,14.0,Overall,Overall,Overall,2020-04-04,31.4,7.800000000000001,1423.0,12.0,0.0,17.340671679550248,0.0
Maryland,EIP,2020.0,2020.0,19.0,Overall,Overall,Overall,2020-05-09,2826.1000000000004,438.0,155598.0,7791.0,0.0,17.046756873481662,0.0
New York,EIP,2020.0,2020.0,14.0,Overall,Overall,Overall,2020-04-04,458.5999999999999,230.49999999999991,272217.0,3258.0,0.0,16.373433209535033,0.0
Connecticut,EIP,2020.0,2020.0,18.0,Overall,Overall,Overall,2020-05-02,5070.600000000001,732.1999999999999,159532.0,11493.0,0.0,16.325500797332197,0.0
Ohio,IHSP,2020.0,2020.0,19.0,Overall,Overall,Overall,2020-05-09,1031.4,174.70000000000007,126416.0,6529.0,0.0,16.15938654837996,0.0
Utah,IHSP,2020.0,2020.0,21.0,Overall,Overall,Overall,2020-05-23,1001.9,231.80000000000004,47382.0,526.0,0.0,15.898905749018619,0.0
Georgia,EIP,2020.0,2020.0,18.0,Overall,Overall,Overall,2020-05-02,1899.7999999999997,220.20000000000002,151584.0,6024.0,0.0,15.558012345630146,0.0
New Mexico,EIP,2020.0,2020.0,19.0,Overall,Overall,Overall,2020-05-09,785.6999999999998,167.90000000000003,23518.0,859.0,0.0,15.03745897185135,0.0
Minnesota,EIP,2020.0,2020.0,22.0,Overall,Overall,Overall,2020-05-30,2491.9000000000005,330.50000000000006,128694.0,5691.0,0.0,14.528661250718761,0.0
Utah,IHSP,2020.0,2020.0,18.0,Overall,Overall,Overall,2020-05-02,580.8,113.0,25420.0,248.0,0.0,14.44674771833202,0.0
Oregon,EIP,2020.0,2020.0,18.0,Overall,Overall,Overall,2020-05-02,558.8,49.99999999999999,14888.0,579.0,0.0,14.244717221923695,0.0
Iowa,IHSP,2020.0,2020.0,20.0,Overall,Overall,Overall,2020-05-16,3111.2999999999997,332.9,76364.0,1605.0,0.0,13.791177215703735,0.0
New Mexico,EIP,2020.0,2020.0,20.0,Overall,Overall,Overall,2020-05-16,983.3999999999999,198.00000000000003,31267.0,1231.0,0.0,13.338381104679057,0.0
California,EIP,2020.0,2020.0,17.0,Overall,Overall,Overall,2020-04-25,540.0,62.39999999999999,194729.0,6651.0,0.0,12.615317015955508,0.0
Ohio,IHSP,2020.0,2020.0,20.0,Overall,Overall,Overall,2020-05-16,1199.0000000000002,167.7,155944.0,8666.0,0.0,12.574722277868977,0.0
Tennessee,EIP,2020.0,2020.0,19.0,Overall,Overall,Overall,2020-05-09,1337.5000000000002,143.1,78800.0,1389.0,0.0,12.506420626903553,0.0
Michigan,IHSP,2020.0,2020.0,17.0,Overall,Overall,Overall,2020-04-25,2140.8,243.99999999999997,201742.0,14213.0,0.0,12.054204974670617,0.0
Colorado,EIP,2020.0,2020.0,19.0,Overall,Overall,Overall,2020-05-09,3089.2999999999997,218.39999999999998,106890.0,5480.0,0.0,11.866459253438114,0.0
Connecticut,EIP,2020.0,2020.0,19.0,Overall,Overall,Overall,2020-05-09,5708.399999999999,638.0,194114.0,15736.0,0.0,11.690912700784075,0.0
Maryland,EIP,2020.0,2020.0,20.0,Overall,Overall,Overall,2020-05-16,3216.3,390.20000000000005,205668.0,10465.0,0.0,11.489263961335745,0.0
Georgia,EIP,2020.0,2020.0,19.0,Overall,Overall,Overall,2020-05-09,2072.6000000000004,172.90000000000003,185748.0,7794.0,0.0,9.969216030859016,0.0
Georgia,EIP,2020.0,2020.0,28.0,Overall,Overall,Overall,2020-07-11,4191.0,557.3,611987.0,19839.0,0.0,9.752972651543251,0.0
Ohio,IHSP,2020.0,2020.0,22.0,Overall,Overall,Overall,2020-05-30,1500.1999999999998,172.6,211122.0,12792.0,0.0,9.559634970301532,0.0
Utah,IHSP,2020.0,2020.0,19.0,Overall,Overall,Overall,2020-05-09,676.0999999999999,95.50000000000001,32738.0,318.0,0.0,9.480220065367465,0.0
Georgia,EIP,2020.0,2020.0,27.0,Overall,Overall,Overall,2020-07-04,3633.7,440.0,499404.0,19110.0,0.0,9.436062746794178,0.0
Iowa,IHSP,2020.0,2020.0,21.0,Overall,Overall,Overall,2020-05-23,3394.6999999999994,283.30000000000007,95277.0,2217.0,0.0,9.406644114529218,0.0
Colorado,EIP,2020.0,2020.0,20.0,Overall,Overall,Overall,2020-05-16,3296.7000000000003,207.7,128392.0,6515.0,0.0,9.395158859586267,0.0
Utah,IHSP,2020.0,2020.0,22.0,Overall,Overall,Overall,2020-05-30,1159.7,157.70000000000005,55195.0,637.0,0.0,9.285368571428574,0.0
Colorado,EIP,2020.0,2020.0,21.0,Overall,Overall,Overall,2020-05-23,3515.8000000000006,219.1,146152.0,7702.0,0.0,8.706492096584377,0.0
Tennessee,EIP,2020.0,2020.0,23.0,Overall,Overall,Overall,2020-06-06,1903.5000000000002,191.29999999999998,151589.0,2479.0,0.0,8.690942906147543,0.0
Tennessee,EIP,2020.0,2020.0,28.0,Overall,Overall,Overall,2020-07-11,3108.7000000000003,413.90000000000003,328179.0,4340.0,0.0,8.68568858031745,0.0
New Mexico,EIP,2020.0,2020.0,21.0,Overall,Overall,Overall,2020-05-23,1137.1,153.60000000000002,38595.0,1677.0,0.0,8.38270756315585,0.0
California,EIP,2020.0,2020.0,18.0,Overall,Overall,Overall,2020-05-02,596.9,57.800000000000004,273337.0,10496.0,0.0,8.324796527363658,0.0
Ohio,IHSP,2020.0,2020.0,21.0,Overall,Overall,Overall,2020-05-23,1327.9999999999998,128.8,184456.0,10626.0,0.0,8.165016858220932,0.0
Maryland,EIP,2020.0,2020.0,21.0,Overall,Overall,Overall,2020-05-23,3551.899999999999,335.49999999999994,251907.0,12974.0,0.0,8.065363689774399,0.0
Connecticut,EIP,2020.0,2020.0,20.0,Overall,Overall,Overall,2020-05-16,6207.400000000001,498.70000000000005,222322.0,19477.0,0.0,7.978872501146984,0.0
Tennessee,EIP,2020.0,2020.0,21.0,Overall,Overall,Overall,2020-05-23,1567.9999999999998,132.39999999999998,116306.0,1960.0,0.0,7.839808966003472,0.0
Georgia,EIP,2020.0,2020.0,29.0,Overall,Overall,Overall,2020-07-18,4735.5999999999985,544.5,750704.0,20593.0,0.0,7.768180609800934,0.0
Oregon,EIP,2020.0,2020.0,25.0,Overall,Overall,Overall,2020-06-20,793.0999999999999,66.4,36338.0,1192.0,0.0,7.750455853376631,0.0
Utah,IHSP,2020.0,2020.0,23.0,Overall,Overall,Overall,2020-06-06,1309.9,150.29999999999998,63362.0,742.0,0.0,7.708986674978694,0.0
Utah,IHSP,2020.0,2020.0,20.0,Overall,Overall,Overall,2020-05-16,770.0999999999999,94.0,40358.0,419.0,0.0,7.569468903315328,0.0
Tennessee,EIP,2020.0,2020.0,22.0,Overall,Overall,Overall,2020-05-30,1712.4,144.1,133086.0,2204.0,0.0,7.456778169003502,0.0
Minnesota,EIP,2020.0,2020.0,23.0,Overall,Overall,Overall,2020-06-06,2703.7000000000003,212.29999999999998,161257.0,6809.0,0.0,7.448071752544075,0.0
Georgia,EIP,2020.0,2020.0,20.0,Overall,Overall,Overall,2020-05-16,2214.1000000000004,141.30000000000004,220159.0,9436.0,0.0,6.873783956595009,0.0
Colorado,EIP,2020.0,2020.0,46.0,Overall,Overall,Overall,2020-11-14,7611.699999999998,999.3000000000001,848919.0,16448.0,0.0,6.836522208479255,0.0
Tennessee,EIP,2020.0,2020.0,20.0,Overall,Overall,Overall,2020-05-16,1435.5,97.80000000000001,99489.0,1649.0,0.0,6.769917932635769,0.0
Tennessee,EIP,2020.0,2020.0,24.0,Overall,Overall,Overall,2020-06-13,2070.8,167.20000000000002,175265.0,2777.0,0.0,6.569929220323512,0.0
Tennessee,EIP,2020.0,2020.0,25.0,Overall,Overall,Overall,2020-06-20,2256.4999999999995,185.7,199860.0,3146.0,0.0,6.398904602221554,0.0
Oregon,EIP,2020.0,2020.0,19.0,Overall,Overall,Overall,2020-05-09,585.0000000000001,26.299999999999997,17589.0,717.0,0.0,6.342124856444369,0.0
Tennessee,EIP,2020.0,2020.0,29.0,Overall,Overall,Overall,2020-07-18,3478.0999999999995,368.90000000000003,401642.0,4914.0,0.0,6.325416820452046,0.0
Georgia,EIP,2020.0,2020.0,21.0,Overall,Overall,Overall,2020-05-23,2360.3000000000006,146.20000000000002,251893.0,10800.0,0.0,6.216149259407764,0.0
Oregon,EIP,2020.0,2020.0,26.0,Overall,Overall,Overall,2020-06-27,857.9,64.5,44218.0,1296.0,0.0,6.1870098489303,0.0
California,EIP,2020.0,2020.0,19.0,Overall,Overall,Overall,2020-05-09,651.9000000000001,54.699999999999996,350283.0,14142.0,0.0,6.14769733786681,0.0
Georgia,EIP,2020.0,2020.0,26.0,Overall,Overall,Overall,2020-06-27,3193.6,246.20000000000002,428953.0,18124.0,0.0,6.14707482031831,0.0
Tennessee,EIP,2020.0,2020.0,27.0,Overall,Overall,Overall,2020-07-04,2695.3999999999996,236.60000000000002,266913.0,3941.0,0.0,6.104704245952801,0.0
Maryland,EIP,2020.0,2020.0,22.0,Overall,Overall,Overall,2020-05-30,3856.1,304.19999999999993,303394.0,15113.0,0.0,6.07188991344588,0.0
Michigan,IHSP,2020.0,2020.0,18.0,Overall,Overall,Overall,2020-05-02,2289.2999999999997,148.5,245422.0,20388.0,0.0,6.0305653832989705,0.0
Tennessee,EIP,2020.0,2020.0,26.0,Overall,Overall,Overall,2020-06-27,2458.5999999999995,202.00000000000003,231204.0,3546.0,0.0,6.016939447414406,0.0
Oregon,EIP,2020.0,2020.0,28.0,Overall,Overall,Overall,2020-07-11,1008.6999999999999,92.4,65162.0,1465.0,0.0,6.014475412049968,0.0
Utah,IHSP,2020.0,2020.0,25.0,Overall,Overall,Overall,2020-06-20,1607.6999999999998,165.1,92868.0,927.0,0.0,5.777609326140327,0.0
Georgia,EIP,2020.0,2020.0,22.0,Overall,Overall,Overall,2020-05-30,2512.0999999999995,151.70000000000002,284228.0,12253.0,0.0,5.716219298943102,0.0
Utah,IHSP,2020.0,2020.0,24.0,Overall,Overall,Overall,2020-06-13,1442.8000000000002,132.70000000000002,76627.0,822.0,0.0,5.628028544768816,0.0
Oregon,EIP,2020.0,2020.0,21.0,Overall,Overall,Overall,2020-05-23,644.3000000000001,32.099999999999994,24315.0,942.0,0.0,5.599521887723627,0.0
Oregon,EIP,2020.0,2020.0,20.0,Overall,Overall,Overall,2020-05-16,612.1999999999999,27.199999999999996,20959.0,836.0,0.0,5.504508344863781,0.0
Georgia,EIP,2020.0,2020.0,30.0,Overall,Overall,Overall,2020-07-25,5208.299999999998,472.29999999999995,921861.0,21751.0,0.0,5.487097327145849,0.0
Oregon,EIP,2020.0,2020.0,29.0,Overall,Overall,Overall,2020-07-18,1108.2,99.49999999999999,78480.0,1587.0,0.0,5.377547738277267,0.0
Oregon,EIP,2020.0,2020.0,23.0,Overall,Overall,Overall,2020-06-06,697.0999999999999,35.8,28599.0,1052.0,0.0,5.309484618343299,0.0
New York,EIP,2020.0,2020.0,15.0,Overall,Overall,Overall,2020-04-11,638.6,179.90000000000003,658930.0,17741.0,0.0,5.279295224682441,0.0
Utah,IHSP,2020.0,2020.0,28.0,Overall,Overall,Overall,2020-07-11,2232.9,264.40000000000003,163227.0,1235.0,0.0,5.2642516715984495,0.0
New Mexico,EIP,2020.0,2020.0,23.0,Overall,Overall,Overall,2020-06-06,1371.4000000000003,128.8,51578.0,2360.0,0.0,5.259876055682657,0.0
California,EIP,2020.0,2020.0,23.0,Overall,Overall,Overall,2020-06-06,906.9999999999999,96.7,729118.0,27869.0,0.0,5.221230503978779,0.0
Ohio,IHSP,2020.0,2020.0,23.0,Overall,Overall,Overall,2020-06-06,1606.1000000000001,105.8,237949.0,14566.0,0.0,5.199191249385373,0.0
Utah,IHSP,2020.0,2020.0,26.0,Overall,Overall,Overall,2020-06-27,1785.9,178.29999999999998,111683.0,1057.0,0.0,5.188376258696489,0.0
Connecticut,EIP,2020.0,2020.0,21.0,Overall,Overall,Overall,2020-05-23,6565.799999999999,358.5,248624.0,22425.0,0.0,5.128976490604286,0.0
New Mexico,EIP,2020.0,2020.0,22.0,Overall,Overall,Overall,2020-05-30,1243.0999999999997,106.00000000000001,45270.0,2044.0,0.0,4.931959664236802,0.0
California,EIP,2020.0,2020.0,20.0,Overall,Overall,Overall,2020-05-16,706.5000000000001,54.49999999999999,435041.0,17674.0,0.0,4.931857574343567,0.0
Colorado,EIP,2020.0,2020.0,47.0,Overall,Overall,Overall,2020-11-21,8490.2,878.5,1039654.0,17321.0,0.0,4.907479932265926,0.0
Tennessee,EIP,2020.0,2020.0,30.0,Overall,Overall,Overall,2020-07-25,3821.8999999999996,344.09999999999997,500933.0,5591.0,0.0,4.730691688109986,0.0
Georgia,EIP,2020.0,2020.0,25.0,Overall,Overall,Overall,2020-06-20,2947.4,166.6,384967.0,16513.0,0.0,4.634913725592064,0.0
Oregon,EIP,2020.0,2020.0,27.0,Overall,Overall,Overall,2020-07-04,916.2,58.5,53622.0,1382.0,0.0,4.627357418596844,0.0
Minnesota,EIP,2020.0,2020.0,24.0,Overall,Overall,Overall,2020-06-13,2854.8999999999996,150.79999999999995,185226.0,7902.0,0.0,4.605871603338622,0.0
Colorado,EIP,2020.0,2020.0,45.0,Overall,Overall,Overall,2020-11-07,6612.200000000001,562.8,719941.0,15830.0,0.0,4.540072385376024,0.0
Georgia,EIP,2020.0,2020.0,24.0,Overall,Overall,Overall,2020-06-13,2780.4,147.6,348740.0,15000.0,0.0,4.532885557148592,0.0
Ohio,IHSP,2020.0,2020.0,26.0,Overall,Overall,Overall,2020-06-27,1899.1999999999998,116.2,301930.0,18482.0,0.0,4.500221294339748,0.0
Ohio,IHSP,2020.0,2020.0,29.0,Overall,Overall,Overall,2020-07-18,2311.8,164.1,431034.0,21020.0,0.0,4.451753016467378,0.0
New Mexico,EIP,2020.0,2020.0,28.0,Overall,Overall,Overall,2020-07-11,1875.2000000000003,183.2,88020.0,3530.0,0.0,4.3839768325380595,0.0
New York,EIP,2020.0,2021.0,1.0,Overall,Overall,Overall,2021-01-02,16389.800000000003,1425.7,6298740.0,259051.0,0.0,4.3768184657883955,0.0
New York,EIP,2020.0,2020.0,53.0,Overall,Overall,Overall,2021-01-02,16389.800000000003,1425.7,6298740.0,259051.0,0.0,4.3768184657883955,0.0
Utah,IHSP,2020.0,2020.0,27.0,Overall,Overall,Overall,2020-07-04,1968.2000000000003,182.00000000000003,136142.0,1148.0,0.0,4.344566540817676,0.0
Georgia,EIP,2020.0,2020.0,53.0,Overall,Overall,Overall,2021-01-02,25085.9,1745.8999999999996,4304538.0,73968.0,0.0,4.343931608990325,0.0
Georgia,EIP,2020.0,2021.0,1.0,Overall,Overall,Overall,2021-01-02,25085.9,1745.8999999999996,4304538.0,73968.0,0.0,4.343931608990325,0.0
Connecticut,EIP,2020.0,2020.0,47.0,Overall,Overall,Overall,2020-11-21,10181.600000000002,704.3000000000001,600960.0,33058.0,0.0,4.168662349906816,0.0
Connecticut,EIP,2020.0,2020.0,46.0,Overall,Overall,Overall,2020-11-14,9476.9,626.1999999999999,535509.0,32576.0,0.0,4.159401909585085,0.0
Ohio,IHSP,2020.0,2020.0,28.0,Overall,Overall,Overall,2020-07-11,2147.5,133.20000000000002,377155.0,20154.0,0.0,4.129698676671395,0.0
Georgia,EIP,2020.0,2020.0,23.0,Overall,Overall,Overall,2020-06-06,2633.1000000000004,121.10000000000001,316562.0,13694.0,0.0,4.097090170961771,0.0
Ohio,IHSP,2020.0,2020.0,24.0,Overall,Overall,Overall,2020-06-13,1696.6,90.6,260753.0,16214.0,0.0,4.062869689706351,0.0
Ohio,IHSP,2020.0,2020.0,27.0,Overall,Overall,Overall,2020-07-04,2014.1,115.30000000000003,334476.0,19365.0,0.0,4.030865951817172,0.0
Iowa,IHSP,2020.0,2020.0,46.0,Overall,Overall,Overall,2020-11-14,10687.300000000001,1268.8,997445.0,12666.0,0.0,4.024208048363569,0.0
Oregon,EIP,2020.0,2020.0,24.0,Overall,Overall,Overall,2020-06-13,726.7999999999998,29.7,31312.0,1114.0,0.0,4.023146330480327,0.0
New Mexico,EIP,2020.0,2020.0,24.0,Overall,Overall,Overall,2020-06-13,1483.5000000000002,111.99999999999999,58729.0,2662.0,0.0,4.016886512625789,0.0
Colorado,EIP,2020.0,2020.0,22.0,Overall,Overall,Overall,2020-05-30,3625.0,109.1,162297.0,9073.0,0.0,3.9040902968015425,0.0
California,EIP,2020.0,2020.0,21.0,Overall,Overall,Overall,2020-05-23,757.6,51.199999999999996,523560.0,21251.0,0.0,3.849884623729849,0.0
Ohio,IHSP,2020.0,2020.0,30.0,Overall,Overall,Overall,2020-07-25,2474.6999999999994,163.20000000000002,495793.0,21729.0,0.0,3.8490519519234843,0.0
Minnesota,EIP,2020.0,2020.0,46.0,Overall,Overall,Overall,2020-11-14,8127.799999999999,788.5000000000001,1162627.0,18318.0,0.0,3.836840334002222,0.0
Maryland,EIP,2020.0,2020.0,23.0,Overall,Overall,Overall,2020-06-06,4073.7,217.5,348752.0,16962.0,0.0,3.7767150726017342,0.0
Minnesota,EIP,2020.0,2020.0,25.0,Overall,Overall,Overall,2020-06-20,2990.8999999999996,135.99999999999997,205370.0,8931.0,0.0,3.746401675025563,0.0
Iowa,IHSP,2020.0,2020.0,45.0,Overall,Overall,Overall,2020-11-07,9418.099999999999,1016.4000000000001,864552.0,11896.0,0.0,3.719201852982817,0.0
Michigan,IHSP,2020.0,2020.0,46.0,Overall,Overall,Overall,2020-11-14,4789.9,558.1999999999999,1523167.0,54862.0,0.0,3.6524760587644027,0.0
California,EIP,2020.0,2020.0,27.0,Overall,Overall,Overall,2020-07-04,1266.3,130.0,1406003.0,40422.0,0.0,3.639999445235892,0.0
New Mexico,EIP,2020.0,2020.0,29.0,Overall,Overall,Overall,2020-07-18,2047.3999999999999,172.49999999999997,99852.0,3721.0,0.0,3.638785677803148,0.0
Georgia,EIP,2020.0,2020.0,31.0,Overall,Overall,Overall,2020-08-01,5580.699999999999,372.6,1098040.0,23562.0,0.0,3.634250422753269,0.0
Ohio,IHSP,2020.0,2020.0,25.0,Overall,Overall,Overall,2020-06-20,1782.9999999999998,86.39999999999999,280001.0,17405.0,0.0,3.608179787929329,0.0
New Mexico,EIP,2020.0,2020.0,44.0,Overall,Overall,Overall,2020-10-31,4138.3,473.4000000000001,276361.0,6672.0,0.0,3.608075721972348,0.0
New Mexico,EIP,2020.0,2020.0,45.0,Overall,Overall,Overall,2020-11-07,4676.2,538.0,314116.0,6992.0,0.0,3.60758325586726,0.0
California,EIP,2020.0,2020.0,28.0,Overall,Overall,Overall,2020-07-11,1422.3999999999999,156.1,1708199.0,43521.0,0.0,3.597565023630151,0.0
Colorado,EIP,2020.0,2020.0,44.0,Overall,Overall,Overall,2020-10-31,6049.400000000001,387.40000000000003,633088.0,15406.0,0.0,3.5538666671931867,0.0
Oregon,EIP,2020.0,2020.0,30.0,Overall,Overall,Overall,2020-07-25,1186.3000000000004,77.89999999999999,94363.0,1748.0,0.0,3.501514314932759,0.0
Colorado,EIP,2020.0,2020.0,48.0,Overall,Overall,Overall,2020-11-28,9261.800000000001,771.4999999999999,1281097.0,18905.0,0.0,3.497514402500356,0.0
California,EIP,2020.0,2020.0,29.0,Overall,Overall,Overall,2020-07-18,1608.9999999999998,186.69999999999996,2104280.0,47624.0,0.0,3.4928907572186203,0.0
Connecticut,EIP,2020.0,2020.0,48.0,Overall,Overall,Overall,2020-11-28,10857.900000000003,676.1999999999999,689086.0,33603.0,0.0,3.490489513935851,0.0
Iowa,IHSP,2020.0,2020.0,24.0,Overall,Overall,Overall,2020-06-13,3785.9,157.3,145168.0,4070.0,0.0,3.4279465536481877,0.0
Minnesota,EIP,2020.0,2020.0,29.0,Overall,Overall,Overall,2020-07-18,3538.6,170.5,282073.0,10686.0,0.0,3.419599929805405,0.0
Minnesota,EIP,2020.0,2020.0,45.0,Overall,Overall,Overall,2020-11-07,7339.2,603.9999999999999,999272.0,17270.0,0.0,3.419523981458502,0.0
Minnesota,EIP,2020.0,2020.0,32.0,Overall,Overall,Overall,2020-08-08,4145.000000000001,226.60000000000005,376321.0,11439.0,0.0,3.4065430767881684,0.0
Minnesota,EIP,2020.0,2020.0,31.0,Overall,Overall,Overall,2020-08-01,3918.6999999999985,204.29999999999998,342178.0,11197.0,0.0,3.377759442746173,0.0
Michigan,IHSP,2020.0,2020.0,47.0,Overall,Overall,Overall,2020-11-21,5403.500000000001,613.6999999999998,1814561.0,57483.0,0.0,3.3707738695475093,0.0
Maryland,EIP,2020.0,2020.0,53.0,Overall,Overall,Overall,2021-01-02,21760.5,1012.1,1822858.0,39236.0,0.0,3.3623448475964666,0.0
Maryland,EIP,2020.0,2021.0,1.0,Overall,Overall,Overall,2021-01-02,21760.5,1012.1,1822858.0,39236.0,0.0,3.3623448475964666,0.0
California,EIP,2020.0,2020.0,22.0,Overall,Overall,Overall,2020-05-30,810.3,52.50000000000001,616048.0,24920.0,0.0,3.35497249402644,0.0
New Mexico,EIP,2020.0,2020.0,30.0,Overall,Overall,Overall,2020-07-25,2226.4,179.29999999999995,112947.0,3923.0,0.0,3.3437187061187985,0.0
Connecticut,EIP,2020.0,2020.0,49.0,Overall,Overall,Overall,2020-12-05,11574.2,716.5000000000001,770067.0,34487.0,0.0,3.30957539928344,0.0
Tennessee,EIP,2020.0,2021.0,1.0,Overall,Overall,Overall,2021-01-02,28282.300000000003,1837.1000000000001,3822803.0,44602.0,0.0,3.309561790497706,0.0
Tennessee,EIP,2020.0,2020.0,53.0,Overall,Overall,Overall,2021-01-02,28282.300000000003,1837.1000000000001,3822803.0,44602.0,0.0,3.309561790497706,0.0
Oregon,EIP,2020.0,2020.0,31.0,Overall,Overall,Overall,2020-08-01,1271.8000000000002,85.60000000000001,110058.0,1928.0,0.0,3.2989241963328433,0.0
Connecticut,EIP,2020.0,2020.0,45.0,Overall,Overall,Overall,2020-11-07,8850.799999999997,452.0,489930.0,32245.0,0.0,3.2816253587247157,0.0
Minnesota,EIP,2020.0,2020.0,47.0,Overall,Overall,Overall,2020-11-21,8942.199999999999,814.5000000000001,1417782.0,19926.0,0.0,3.2500800962348233,0.0
Oregon,EIP,2020.0,2020.0,48.0,Overall,Overall,Overall,2020-11-28,3383.4,327.70000000000005,427771.0,5590.0,0.0,3.24926618190574,0.0
Utah,IHSP,2020.0,2020.0,30.0,Overall,Overall,Overall,2020-07-25,2647.3,223.10000000000002,223265.0,1630.0,0.0,3.2474772351241796,0.0
Utah,IHSP,2020.0,2020.0,29.0,Overall,Overall,Overall,2020-07-18,2424.2,191.6,192175.0,1424.0,0.0,3.2401551523351113,0.0
Minnesota,EIP,2020.0,2020.0,30.0,Overall,Overall,Overall,2020-07-25,3714.5,176.0,310718.0,10946.0,0.0,3.2044882884158623,0.0
California,EIP,2020.0,2020.0,24.0,Overall,Overall,Overall,2020-06-13,976.0999999999999,69.2,858410.0,31108.0,0.0,3.173624488997099,0.0
California,EIP,2020.0,2020.0,26.0,Overall,Overall,Overall,2020-06-27,1136.1,94.10000000000001,1169192.0,37375.0,0.0,3.168458336868538,0.0
Iowa,IHSP,2020.0,2020.0,22.0,Overall,Overall,Overall,2020-05-30,3507.2000000000003,112.39999999999999,112682.0,2851.0,0.0,3.1556438153387405,0.0
Oregon,EIP,2020.0,2020.0,46.0,Overall,Overall,Overall,2020-11-14,2782.6,248.00000000000003,335969.0,4983.0,0.0,3.130924984150324,0.0
Georgia,EIP,2020.0,2020.0,32.0,Overall,Overall,Overall,2020-08-08,5951.4,370.7,1276045.0,25802.0,0.0,3.111334868206059,0.0
New Mexico,EIP,2020.0,2020.0,48.0,Overall,Overall,Overall,2020-11-28,6499.3,757.6000000000001,516014.0,9150.0,0.0,3.0924495738487723,0.0
New York,EIP,2020.0,2020.0,49.0,Overall,Overall,Overall,2020-12-05,4809.500000000001,700.8000000000001,4401318.0,241148.0,0.0,3.0788987800472496,0.0
Oregon,EIP,2020.0,2020.0,47.0,Overall,Overall,Overall,2020-11-21,3055.7,273.09999999999997,377548.0,5232.0,0.0,3.068101437962855,0.0
California,EIP,2020.0,2020.0,30.0,Overall,Overall,Overall,2020-07-25,1806.6000000000001,197.70000000000002,2540069.0,52223.0,0.0,3.0641171639825533,0.0
Connecticut,EIP,2020.0,2020.0,50.0,Overall,Overall,Overall,2020-12-12,12317.7,743.5,866797.0,35700.0,0.0,3.051041894468947,0.0
Oregon,EIP,2020.0,2020.0,49.0,Overall,Overall,Overall,2020-12-05,3731.7999999999993,348.20000000000005,488129.0,6093.0,0.0,3.0256197386346644,0.0
California,EIP,2020.0,2021.0,1.0,Overall,Overall,Overall,2021-01-02,13227.499999999998,1098.3000000000004,14297339.0,166346.0,0.0,3.024196325442099,0.0
California,EIP,2020.0,2020.0,53.0,Overall,Overall,Overall,2021-01-02,13227.499999999998,1098.3000000000004,14297339.0,166346.0,0.0,3.024196325442099,0.0
Minnesota,EIP,2020.0,2020.0,27.0,Overall,Overall,Overall,2020-07-04,3234.3000000000006,128.0,239780.0,10072.0,0.0,3.020017415964634,0.0
Colorado,EIP,2020.0,2020.0,43.0,Overall,Overall,Overall,2020-10-24,5661.6,298.1,574718.0,15115.0,0.0,3.012400923409394,0.0
Connecticut,EIP,2020.0,2020.0,53.0,Overall,Overall,Overall,2021-01-02,28644.799999999992,1007.5000000000002,1198014.0,40279.0,0.0,2.9913536444482287,0.0
Connecticut,EIP,2020.0,2021.0,1.0,Overall,Overall,Overall,2021-01-02,28644.799999999992,1007.5000000000002,1198014.0,40279.0,0.0,2.9913536444482287,0.0
Iowa,IHSP,2020.0,2020.0,34.0,Overall,Overall,Overall,2020-08-22,5669.8,333.20000000000005,354791.0,6713.0,0.0,2.9710407682269286,0.0
Tennessee,EIP,2020.0,2020.0,31.0,Overall,Overall,Overall,2020-08-01,4082.8,260.9,606912.0,6400.0,0.0,2.960519796280185,0.0
Iowa,IHSP,2020.0,2020.0,23.0,Overall,Overall,Overall,2020-06-06,3628.500000000001,121.3,129968.0,3525.0,0.0,2.952572550935615,0.0
Minnesota,EIP,2020.0,2020.0,26.0,Overall,Overall,Overall,2020-06-27,3106.2000000000003,115.6,221964.0,9621.0,0.0,2.9463729938188172,0.0
New York,EIP,2020.0,2020.0,50.0,Overall,Overall,Overall,2020-12-12,5538.4,729.1000000000001,4786477.0,243673.0,0.0,2.9454739637524643,0.0
Colorado,EIP,2020.0,2020.0,28.0,Overall,Overall,Overall,2020-07-11,4045.2,117.60000000000001,233150.0,11872.0,0.0,2.9293920411752095,0.0
New York,EIP,2020.0,2020.0,52.0,Overall,Overall,Overall,2020-12-26,7111.2,874.5,5779837.0,252489.0,0.0,2.92568987879762,0.0
Minnesota,EIP,2020.0,2020.0,28.0,Overall,Overall,Overall,2020-07-11,3368.2999999999997,134.0,259474.0,10437.0,0.0,2.9216176880920632,0.0
Oregon,EIP,2020.0,2020.0,33.0,Overall,Overall,Overall,2020-08-15,1448.1000000000004,96.50000000000001,142184.0,2397.0,0.0,2.878702424323412,0.0
New Mexico,EIP,2020.0,2020.0,46.0,Overall,Overall,Overall,2020-11-14,5167.8,491.5,359651.0,7532.0,0.0,2.878501070482218,0.0
New Mexico,EIP,2020.0,2020.0,47.0,Overall,Overall,Overall,2020-11-21,5741.700000000002,573.9999999999999,423024.0,8229.0,0.0,2.8580579494307647,0.0
Iowa,IHSP,2020.0,2020.0,31.0,Overall,Overall,Overall,2020-08-01,4868.9,258.0,285745.0,5719.0,0.0,2.856388521233967,0.0
Iowa,IHSP,2020.0,2020.0,26.0,Overall,Overall,Overall,2020-06-27,3975.0,157.00000000000003,174315.0,4726.0,0.0,2.849319203740356,0.0
Colorado,EIP,2020.0,2020.0,29.0,Overall,Overall,Overall,2020-07-18,4166.0,120.5,249257.0,11971.0,0.0,2.8076649381963197,0.0
Connecticut,EIP,2020.0,2020.0,22.0,Overall,Overall,Overall,2020-05-30,6781.6,215.89999999999998,274901.0,25039.0,0.0,2.7935787625363315,0.0
Minnesota,EIP,2020.0,2020.0,33.0,Overall,Overall,Overall,2020-08-15,4345.7,200.4,410325.0,11731.0,0.0,2.76300819301773,0.0
Ohio,IHSP,2020.0,2020.0,31.0,Overall,Overall,Overall,2020-08-01,2607.5,132.6,561314.0,22800.0,0.0,2.7623051878271343,0.0
Michigan,IHSP,2020.0,2020.0,48.0,Overall,Overall,Overall,2020-11-28,6004.8,601.3000000000001,2179116.0,60756.0,0.0,2.75014708785581,0.0
Tennessee,EIP,2020.0,2020.0,32.0,Overall,Overall,Overall,2020-08-08,4369.799999999998,286.9,722996.0,7230.0,0.0,2.7328403955208604,0.0
New York,EIP,2020.0,2020.0,16.0,Overall,Overall,Overall,2020-04-18,796.8,158.7,1126937.0,49401.0,0.0,2.723085985463251,0.0
Oregon,EIP,2020.0,2020.0,22.0,Overall,Overall,Overall,2020-05-30,661.3000000000001,17.099999999999998,26710.0,1009.0,0.0,2.715453751403968,0.0
Oregon,EIP,2020.0,2020.0,34.0,Overall,Overall,Overall,2020-08-22,1547.3,99.0,156477.0,2642.0,0.0,2.6835202170287005,0.0
Oregon,EIP,2020.0,2020.0,32.0,Overall,Overall,Overall,2020-08-08,1351.7,79.99999999999999,126754.0,2192.0,0.0,2.677000804708332,0.0
Minnesota,EIP,2020.0,2020.0,44.0,Overall,Overall,Overall,2020-10-31,6735.200000000001,422.6,900500.0,16429.0,0.0,2.6549613872293176,0.0
Iowa,IHSP,2020.0,2020.0,30.0,Overall,Overall,Overall,2020-07-25,4610.799999999999,218.3,260412.0,5437.0,0.0,2.6519721299325685,0.0
New Mexico,EIP,2020.0,2020.0,27.0,Overall,Overall,Overall,2020-07-04,1691.8000000000002,98.3,78550.0,3382.0,0.0,2.6359154385741563,0.0
California,EIP,2020.0,2020.0,25.0,Overall,Overall,Overall,2020-06-20,1042.6,66.3,1002526.0,34343.0,0.0,2.603527062041284,0.0
California,EIP,2020.0,2020.0,31.0,Overall,Overall,Overall,2020-08-01,2003.3,196.79999999999998,2998159.0,57099.0,0.0,2.584131712294111,0.0
New Mexico,EIP,2020.0,2020.0,42.0,Overall,Overall,Overall,2020-10-17,3413.8,272.3,222653.0,6303.0,0.0,2.5759844408114874,0.0
Colorado,EIP,2020.0,2020.0,49.0,Overall,Overall,Overall,2020-12-05,9929.900000000001,668.0,1511049.0,20496.0,0.0,2.567458958643962,0.0
New York,EIP,2020.0,2020.0,51.0,Overall,Overall,Overall,2020-12-19,6236.5,698.1,5270364.0,247353.0,0.0,2.5613037971570844,0.0
New York,EIP,2020.0,2020.0,48.0,Overall,Overall,Overall,2020-11-28,4108.400000000001,534.9,4103112.0,239479.0,0.0,2.5208284546948754,0.0
Michigan,IHSP,2020.0,2020.0,45.0,Overall,Overall,Overall,2020-11-07,4231.9,334.7,1326190.0,53459.0,0.0,2.515330351231724,0.0
Michigan,IHSP,2020.0,2020.0,19.0,Overall,Overall,Overall,2020-05-09,2361.9999999999995,72.7,288614.0,26374.0,0.0,2.5105107461869487,0.0
Minnesota,EIP,2020.0,2020.0,48.0,Overall,Overall,Overall,2020-11-28,9710.8,768.3000000000001,1749725.0,21936.0,0.0,2.484125138864679,0.0
Maryland,EIP,2020.0,2020.0,48.0,Overall,Overall,Overall,2020-11-28,8251.9,500.2,1223213.0,30614.0,0.0,2.4763570697826136,0.0
Iowa,IHSP,2020.0,2020.0,32.0,Overall,Overall,Overall,2020-08-08,5110.7,241.79999999999998,309301.0,6018.0,0.0,2.4731541436982094,0.0
Maryland,EIP,2020.0,2020.0,47.0,Overall,Overall,Overall,2020-11-21,7751.399999999999,456.30000000000007,1122192.0,29832.0,0.0,2.462379390157834,0.0
New Mexico,EIP,2020.0,2020.0,49.0,Overall,Overall,Overall,2020-12-05,7234.5,735.3,629544.0,10319.0,0.0,2.4601558599557776,0.0
Minnesota,EIP,2020.0,2020.0,34.0,Overall,Overall,Overall,2020-08-22,4537.3,191.79999999999995,441939.0,12059.0,0.0,2.455266893394789,0.0
Oregon,EIP,2020.0,2020.0,45.0,Overall,Overall,Overall,2020-11-07,2534.4000000000005,177.29999999999998,307003.0,4718.0,0.0,2.449549975407406,0.0
Maryland,EIP,2020.0,2020.0,24.0,Overall,Overall,Overall,2020-06-13,4230.4,156.50000000000003,390567.0,18649.0,0.0,2.426556808434917,0.0
New Mexico,EIP,2020.0,2020.0,53.0,Overall,Overall,Overall,2021-01-02,19256.0,1083.2000000000003,943107.0,15867.0,0.0,2.419200303677102,0.0
New Mexico,EIP,2020.0,2021.0,1.0,Overall,Overall,Overall,2021-01-02,19256.0,1083.2000000000003,943107.0,15867.0,0.0,2.419200303677102,0.0
Michigan,IHSP,2020.0,2020.0,20.0,Overall,Overall,Overall,2020-05-16,2439.8,77.4,319748.0,30407.0,0.0,2.4125603819257666,0.0
Tennessee,EIP,2020.0,2020.0,47.0,Overall,Overall,Overall,2020-11-21,8938.1,725.0000000000001,2084140.0,26453.0,0.0,2.3956906205917075,0.0
Utah,IHSP,2020.0,2020.0,45.0,Overall,Overall,Overall,2020-11-07,6177.699999999998,562.8,776852.0,4157.0,0.0,2.354414870786198,0.0
Iowa,IHSP,2020.0,2020.0,28.0,Overall,Overall,Overall,2020-07-11,4239.2,156.59999999999997,210733.0,5026.0,0.0,2.3509068470529053,0.0
Utah,IHSP,2020.0,2020.0,39.0,Overall,Overall,Overall,2020-09-26,4082.3,308.30000000000007,426242.0,3063.0,0.0,2.3506310868004565,0.0
Colorado,EIP,2020.0,2020.0,42.0,Overall,Overall,Overall,2020-10-17,5363.5999999999985,214.6,531157.0,14658.0,0.0,2.346455939392684,0.0
Michigan,IHSP,2020.0,2020.0,53.0,Overall,Overall,Overall,2021-01-02,17744.6,838.4,3563743.0,87120.0,0.0,2.344714451070125,0.0
Michigan,IHSP,2020.0,2021.0,1.0,Overall,Overall,Overall,2021-01-02,17744.6,838.4,3563743.0,87120.0,0.0,2.344714451070125,0.0
Colorado,EIP,2020.0,2020.0,23.0,Overall,Overall,Overall,2020-06-06,3696.0000000000005,71.19999999999999,176810.0,9822.0,0.0,2.3387228821899213,0.0
Michigan,IHSP,2020.0,2020.0,50.0,Overall,Overall,Overall,2020-12-12,7244.0999999999985,671.4,2871544.0,69959.0,0.0,2.330295139827215,0.0
Minnesota,EIP,2020.0,2020.0,43.0,Overall,Overall,Overall,2020-10-24,6313.000000000001,336.7,824360.0,15708.0,0.0,2.3106737971274685,0.0
Tennessee,EIP,2020.0,2020.0,33.0,Overall,Overall,Overall,2020-08-15,4642.9,273.2,815604.0,8183.0,0.0,2.306858535269567,0.0
Utah,IHSP,2020.0,2020.0,46.0,Overall,Overall,Overall,2020-11-14,6793.900000000001,616.5999999999999,872993.0,4457.0,0.0,2.295408315301497,0.0
New York,EIP,2020.0,2020.0,17.0,Overall,Overall,Overall,2020-04-25,980.9,183.9,1557038.0,100449.0,0.0,2.283844778611697,0.0
Michigan,IHSP,2020.0,2020.0,49.0,Overall,Overall,Overall,2020-12-05,6572.3,567.8999999999999,2519681.0,64665.0,0.0,2.246318714353126,0.0
Utah,IHSP,2020.0,2020.0,47.0,Overall,Overall,Overall,2020-11-21,7487.8,693.7000000000002,1006350.0,4827.0,0.0,2.2402156926516628,0.0
Colorado,EIP,2020.0,2020.0,41.0,Overall,Overall,Overall,2020-10-10,5149.3,191.89999999999998,498798.0,14380.0,0.0,2.234373987265386,0.0
Utah,IHSP,2020.0,2020.0,31.0,Overall,Overall,Overall,2020-08-01,2819.1,171.7,253773.0,1846.0,0.0,2.198832122802662,0.0
Iowa,IHSP,2020.0,2020.0,47.0,Overall,Overall,Overall,2020-11-21,11527.1,840.0,1214351.0,13589.0,0.0,2.18832219020695,0.0
Tennessee,EIP,2020.0,2020.0,46.0,Overall,Overall,Overall,2020-11-14,8212.900000000001,604.2,1905727.0,24546.0,0.0,2.1834318886178345,0.0
Colorado,EIP,2020.0,2020.0,27.0,Overall,Overall,Overall,2020-07-04,3928.2,82.8,220357.0,11675.0,0.0,2.182273007891739,0.0
Georgia,EIP,2020.0,2020.0,33.0,Overall,Overall,Overall,2020-08-15,6242.900000000001,291.50000000000006,1439018.0,28275.0,0.0,2.169514179461272,0.0
New Mexico,EIP,2020.0,2020.0,43.0,Overall,Overall,Overall,2020-10-24,3664.899999999999,250.99999999999997,245224.0,6467.0,0.0,2.1559311853652168,0.0
Iowa,IHSP,2020.0,2020.0,44.0,Overall,Overall,Overall,2020-10-31,8401.8,533.7,783695.0,11217.0,0.0,2.154399997065185,0.0
Utah,IHSP,2020.0,2020.0,41.0,Overall,Overall,Overall,2020-10-10,4613.799999999999,344.40000000000003,519670.0,3256.0,0.0,2.1537866869359403,0.0
Iowa,IHSP,2020.0,2020.0,33.0,Overall,Overall,Overall,2020-08-15,5336.499999999999,226.0,332025.0,6357.0,0.0,2.1533462419998495,0.0
Colorado,EIP,2020.0,2020.0,30.0,Overall,Overall,Overall,2020-07-25,4266.3,100.49999999999999,271077.0,12209.0,0.0,2.153173303157405,0.0
Tennessee,EIP,2020.0,2020.0,49.0,Overall,Overall,Overall,2020-12-05,10292.9,752.1999999999999,2477514.0,31279.0,0.0,2.09091715921686,0.0
Connecticut,EIP,2020.0,2020.0,51.0,Overall,Overall,Overall,2020-12-19,12902.6,585.1999999999999,997912.0,37167.0,0.0,2.0859153023513097,0.0
Minnesota,EIP,2020.0,2020.0,49.0,Overall,Overall,Overall,2020-12-05,10464.599999999999,753.5,2050015.0,24300.0,0.0,2.0794029297346603,0.0
Iowa,IHSP,2020.0,2020.0,29.0,Overall,Overall,Overall,2020-07-18,4392.500000000001,153.40000000000003,234029.0,5175.0,0.0,2.073633000183738,0.0
Tennessee,EIP,2020.0,2020.0,50.0,Overall,Overall,Overall,2020-12-12,11110.999999999998,818.3000000000002,2717940.0,33433.0,0.0,2.07344395468627,0.0
Maryland,EIP,2020.0,2020.0,49.0,Overall,Overall,Overall,2020-12-05,8707.199999999999,455.30000000000007,1331655.0,31790.0,0.0,2.0705112439783577,0.0
Connecticut,EIP,2020.0,2020.0,52.0,Overall,Overall,Overall,2020-12-26,13546.2,643.1999999999999,1115683.0,38711.0,0.0,2.050641857230055,0.0
Connecticut,EIP,2020.0,2020.0,44.0,Overall,Overall,Overall,2020-10-31,8398.699999999999,263.1,456876.0,31980.0,0.0,2.0483638418301684,0.0
Utah,IHSP,2020.0,2020.0,32.0,Overall,Overall,Overall,2020-08-08,2994.1,175.1,278227.0,2084.0,0.0,2.045286089775615,0.0
Minnesota,EIP,2020.0,2020.0,35.0,Overall,Overall,Overall,2020-08-29,4707.700000000001,170.50000000000003,472318.0,12519.0,0.0,2.042219036750664,0.0
Maryland,EIP,2020.0,2020.0,46.0,Overall,Overall,Overall,2020-11-14,7294.700000000001,350.00000000000006,1051907.0,29278.0,0.0,2.014941149740424,0.0
Ohio,IHSP,2020.0,2020.0,32.0,Overall,Overall,Overall,2020-08-08,2713.0,105.80000000000001,625470.0,24123.0,0.0,1.9779403626073195,0.0
Maryland,EIP,2020.0,2020.0,50.0,Overall,Overall,Overall,2020-12-12,9178.699999999997,471.80000000000007,1444861.0,33249.0,0.0,1.9774410020064217,0.0
Maryland,EIP,2020.0,2020.0,30.0,Overall,Overall,Overall,2020-07-25,4972.699999999999,172.8,530175.0,23451.0,0.0,1.9737682568963077,0.0
Utah,IHSP,2020.0,2020.0,44.0,Overall,Overall,Overall,2020-10-31,5614.600000000001,423.0,699268.0,3924.0,0.0,1.9659112343193168,0.0
Connecticut,EIP,2020.0,2020.0,23.0,Overall,Overall,Overall,2020-06-06,6942.3,160.49999999999997,291008.0,26864.0,0.0,1.961799892099186,0.0
Minnesota,EIP,2020.0,2020.0,42.0,Overall,Overall,Overall,2020-10-17,5976.5,261.7,757520.0,15142.0,0.0,1.954438696536065,0.0
Colorado,EIP,2020.0,2020.0,50.0,Overall,Overall,Overall,2020-12-12,10510.599999999999,580.8,1728746.0,22710.0,0.0,1.951196529276134,0.0
Oregon,EIP,2020.0,2021.0,1.0,Overall,Overall,Overall,2021-01-02,9477.800000000001,341.00000000000006,746491.0,9811.0,0.0,1.9375369388244468,0.0
Oregon,EIP,2020.0,2020.0,53.0,Overall,Overall,Overall,2021-01-02,9477.800000000001,341.00000000000006,746491.0,9811.0,0.0,1.9375369388244468,0.0
Oregon,EIP,2020.0,2020.0,50.0,Overall,Overall,Overall,2020-12-12,3986.3,255.1,558714.0,6837.0,0.0,1.9366051963974413,0.0
Oregon,EIP,2020.0,2020.0,51.0,Overall,Overall,Overall,2020-12-19,4272.5,286.2,629107.0,7801.0,0.0,1.9295911560354595,0.0
Ohio,IHSP,2020.0,2020.0,47.0,Overall,Overall,Overall,2020-11-21,4654.1,315.49999999999994,1929136.0,39488.0,0.0,1.9123638579654312,0.0
California,EIP,2020.0,2020.0,51.0,Overall,Overall,Overall,2020-12-19,5293.3,498.8999999999999,10425293.0,144322.0,0.0,1.8839503229501557,0.0
Oregon,EIP,2020.0,2020.0,41.0,Overall,Overall,Overall,2020-10-10,2079.1000000000004,105.1,237100.0,3927.0,0.0,1.8801450261493042,0.0
Maryland,EIP,2020.0,2020.0,31.0,Overall,Overall,Overall,2020-08-01,5148.400000000001,175.9,567806.0,23893.0,0.0,1.8760202812228122,0.0
Tennessee,EIP,2020.0,2020.0,51.0,Overall,Overall,Overall,2020-12-19,11922.1,811.0000000000001,3008934.0,36718.0,0.0,1.856212989051937,0.0
California,EIP,2020.0,2020.0,33.0,Overall,Overall,Overall,2020-08-15,2329.5,176.79999999999998,3776429.0,69771.0,0.0,1.8430840856269244,0.0
California,EIP,2020.0,2020.0,50.0,Overall,Overall,Overall,2020-12-12,4794.1,422.0999999999999,9067140.0,137205.0,0.0,1.8326909834633631,0.0
Minnesota,EIP,2020.0,2020.0,39.0,Overall,Overall,Overall,2020-09-26,5330.4,195.9,609380.0,13966.0,0.0,1.8186899763694246,0.0
Michigan,IHSP,2020.0,2020.0,43.0,Overall,Overall,Overall,2020-10-24,3684.6000000000004,199.60000000000002,1096955.0,51047.0,0.0,1.8134967961311084,0.0
Maryland,EIP,2020.0,2020.0,51.0,Overall,Overall,Overall,2020-12-19,9650.800000000001,472.1,1580925.0,35036.0,0.0,1.8083995915049735,0.0
Tennessee,EIP,2020.0,2020.0,48.0,Overall,Overall,Overall,2020-11-28,9540.699999999997,602.8,2300801.0,28773.0,0.0,1.8043209887339233,0.0
Oregon,EIP,2020.0,2020.0,35.0,Overall,Overall,Overall,2020-08-29,1619.1999999999998,71.9,169230.0,2853.0,0.0,1.8020702789103589,0.0
Michigan,IHSP,2020.0,2020.0,51.0,Overall,Overall,Overall,2020-12-19,7814.9,570.9,3173278.0,76008.0,0.0,1.793068949364033,0.0
New Mexico,EIP,2020.0,2020.0,31.0,Overall,Overall,Overall,2020-08-01,2334.3000000000006,107.60000000000001,127028.0,4175.0,0.0,1.7841729728878672,0.0
Iowa,IHSP,2020.0,2020.0,27.0,Overall,Overall,Overall,2020-07-04,4082.599999999999,107.49999999999999,190899.0,4875.0,0.0,1.7814802984824432,0.0
Michigan,IHSP,2020.0,2020.0,44.0,Overall,Overall,Overall,2020-10-31,3897.6,212.9,1191411.0,52156.0,0.0,1.780980332983328,0.0
Georgia,EIP,2020.0,2020.0,52.0,Overall,Overall,Overall,2020-12-26,11267.7,655.8999999999999,3976323.0,71882.0,0.0,1.7666321750773257,0.0
New Mexico,EIP,2020.0,2020.0,50.0,Overall,Overall,Overall,2020-12-12,7836.3,601.8,720218.0,11652.0,0.0,1.75999874232524,0.0
Minnesota,EIP,2020.0,2020.0,36.0,Overall,Overall,Overall,2020-09-05,4865.299999999999,157.29999999999998,507317.0,12924.0,0.0,1.7541298568744985,0.0
Maryland,EIP,2020.0,2020.0,25.0,Overall,Overall,Overall,2020-06-20,4349.900000000001,119.60000000000002,420589.0,20071.0,0.0,1.722046746824097,0.0
California,EIP,2020.0,2020.0,32.0,Overall,Overall,Overall,2020-08-08,2153.1,149.6,3426074.0,63062.0,0.0,1.7190126275147588,0.0
New Mexico,EIP,2020.0,2020.0,26.0,Overall,Overall,Overall,2020-06-27,1593.3000000000002,57.9,71251.0,3194.0,0.0,1.7116373117570278,0.0
Maryland,EIP,2020.0,2020.0,52.0,Overall,Overall,Overall,2020-12-26,10133.5,482.59999999999997,1708189.0,37155.0,0.0,1.7108938444165136,0.0
Georgia,EIP,2020.0,2020.0,34.0,Overall,Overall,Overall,2020-08-22,6498.5,255.5,1600527.0,31518.0,0.0,1.7096927096512584,0.0
Utah,IHSP,2020.0,2020.0,53.0,Overall,Overall,Overall,2021-01-02,21513.799999999996,954.9000000000002,1815695.0,8364.0,0.0,1.709157902125633,0.0
Utah,IHSP,2020.0,2021.0,1.0,Overall,Overall,Overall,2021-01-02,21513.799999999996,954.9000000000002,1815695.0,8364.0,0.0,1.709157902125633,0.0
Tennessee,EIP,2020.0,2020.0,44.0,Overall,Overall,Overall,2020-10-31,7176.1,413.49999999999994,1672585.0,21162.0,0.0,1.7025776621218052,0.0
Colorado,EIP,2020.0,2021.0,1.0,Overall,Overall,Overall,2021-01-02,23664.0,651.1,2231444.0,31547.0,0.0,1.6946003757656476,0.0
Colorado,EIP,2020.0,2020.0,53.0,Overall,Overall,Overall,2021-01-02,23664.0,651.1,2231444.0,31547.0,0.0,1.6946003757656476,0.0
Oregon,EIP,2020.0,2020.0,38.0,Overall,Overall,Overall,2020-09-19,1813.3999999999999,79.9,201029.0,3472.0,0.0,1.6858085614513327,0.0
New Mexico,EIP,2020.0,2020.0,25.0,Overall,Overall,Overall,2020-06-20,1535.8000000000004,52.2,65654.0,2920.0,0.0,1.6746862613092883,0.0
Maryland,EIP,2020.0,2020.0,29.0,Overall,Overall,Overall,2020-07-18,4799.6,137.6,500094.0,23007.0,0.0,1.6662434566301534,0.0
Michigan,IHSP,2020.0,2020.0,21.0,Overall,Overall,Overall,2020-05-23,2497.2000000000003,57.7,345305.0,33356.0,0.0,1.6653979047508722,0.0
Tennessee,EIP,2020.0,2020.0,45.0,Overall,Overall,Overall,2020-11-07,7608.7,432.7,1794326.0,22921.0,0.0,1.6607534371123194,0.0
Tennessee,EIP,2020.0,2020.0,52.0,Overall,Overall,Overall,2020-12-26,12751.0,828.8,3442003.0,40660.0,0.0,1.6582809542002142,0.0
Georgia,EIP,2020.0,2020.0,51.0,Overall,Overall,Overall,2020-12-19,10611.7,567.1,3674609.0,69802.0,0.0,1.6528699082541842,0.0
New York,EIP,2020.0,2020.0,47.0,Overall,Overall,Overall,2020-11-21,3573.7000000000007,328.7,3858952.0,237833.0,0.0,1.6470788626549386,0.0
California,EIP,2020.0,2020.0,52.0,Overall,Overall,Overall,2020-12-26,5804.2,511.0,12277372.0,154424.0,0.0,1.6385499973447084,0.0
Oregon,EIP,2020.0,2020.0,39.0,Overall,Overall,Overall,2020-09-26,1894.5,81.10000000000001,210651.0,3642.0,0.0,1.6329674091269448,0.0
Iowa,IHSP,2020.0,2020.0,37.0,Overall,Overall,Overall,2020-09-12,6246.9,243.29999999999998,473789.0,8003.0,0.0,1.6245509948521388,0.0
Georgia,EIP,2020.0,2021.0,2.0,Overall,Overall,Overall,2021-01-09,13714.1,700.9,4656736.0,76137.0,0.0,1.6119983858436469,0.0
Connecticut,EIP,2020.0,2021.0,2.0,Overall,Overall,Overall,2021-01-09,15141.500000000002,588.4,1298486.0,41980.0,0.0,1.6118328040502554,0.0
Minnesota,EIP,2020.0,2020.0,40.0,Overall,Overall,Overall,2020-10-03,5516.200000000001,185.7,654058.0,14291.0,0.0,1.6062312660345106,0.0
Utah,IHSP,2020.0,2020.0,42.0,Overall,Overall,Overall,2020-10-17,4896.2,282.5,574333.0,3499.0,0.0,1.5985339820278481,0.0
Minnesota,EIP,2020.0,2020.0,41.0,Overall,Overall,Overall,2020-10-10,5714.4,198.49999999999997,703398.0,14701.0,0.0,1.596510634093358,0.0
Iowa,IHSP,2020.0,2020.0,38.0,Overall,Overall,Overall,2020-09-19,6500.900000000001,253.8,507889.0,8420.0,0.0,1.5808804321416687,0.0
Minnesota,EIP,2020.0,2020.0,50.0,Overall,Overall,Overall,2020-12-12,11110.1,645.4,2337294.0,26846.0,0.0,1.562169126690951,0.0
Oregon,EIP,2020.0,2020.0,43.0,Overall,Overall,Overall,2020-10-24,2267.2999999999997,98.9,269714.0,4279.0,0.0,1.5552957662561084,0.0
Maryland,EIP,2020.0,2020.0,32.0,Overall,Overall,Overall,2020-08-08,5304.700000000001,156.1,611847.0,24385.0,0.0,1.5450115669440234,0.0
New York,EIP,2020.0,2021.0,2.0,Overall,Overall,Overall,2021-01-09,9083.5,547.4,6864314.0,265901.0,0.0,1.542026076079853,0.0
New York,EIP,2020.0,2020.0,20.0,Overall,Overall,Overall,2020-05-16,1428.1000000000001,182.4,2290516.0,181386.0,0.0,1.5398399061172243,0.0
Ohio,IHSP,2020.0,2020.0,45.0,Overall,Overall,Overall,2020-11-07,4123.3,192.4,1464734.0,36882.0,0.0,1.535961444740137,0.0
Ohio,IHSP,2020.0,2020.0,46.0,Overall,Overall,Overall,2020-11-14,4338.9,215.2,1649599.0,38119.0,0.0,1.525449699229934,0.0
California,EIP,2020.0,2020.0,34.0,Overall,Overall,Overall,2020-08-22,2492.3,162.6,4197505.0,76231.0,0.0,1.5250129500262657,0.0
Ohio,IHSP,2020.0,2020.0,33.0,Overall,Overall,Overall,2020-08-15,2802.1000000000004,88.90000000000002,682337.0,25312.0,0.0,1.5234803202816207,0.0
Maryland,EIP,2020.0,2021.0,2.0,Overall,Overall,Overall,2021-01-09,11631.599999999999,486.1,1939304.0,41189.0,0.0,1.5179287786752362,0.0
Utah,IHSP,2020.0,2020.0,43.0,Overall,Overall,Overall,2020-10-24,5191.600000000001,295.2,633723.0,3720.0,0.0,1.513854287756638,0.0
Utah,IHSP,2020.0,2020.0,38.0,Overall,Overall,Overall,2020-09-19,3773.7,183.29999999999998,393881.0,3001.0,0.0,1.5123928818602572,0.0
Ohio,IHSP,2020.0,2020.0,44.0,Overall,Overall,Overall,2020-10-31,3930.900000000001,172.60000000000002,1334567.0,36064.0,0.0,1.5122876964588516,0.0
Oregon,EIP,2020.0,2020.0,40.0,Overall,Overall,Overall,2020-10-03,1973.9999999999998,79.4,223391.0,3765.0,0.0,1.5075614317497124,0.0
Oregon,EIP,2020.0,2020.0,42.0,Overall,Overall,Overall,2020-10-17,2168.3999999999996,89.30000000000001,252843.0,4125.0,0.0,1.498030695332677,0.0
Colorado,EIP,2020.0,2020.0,26.0,Overall,Overall,Overall,2020-06-27,3845.3,53.89999999999999,209387.0,11428.0,0.0,1.4950118875574891,0.0
California,EIP,2020.0,2020.0,49.0,Overall,Overall,Overall,2020-12-05,4372.300000000001,311.8,8226735.0,133050.0,0.0,1.4920824264304124,0.0
Maryland,EIP,2020.0,2020.0,28.0,Overall,Overall,Overall,2020-07-11,4661.699999999999,117.79999999999997,479088.0,22484.0,0.0,1.4890238862171454,0.0
Colorado,EIP,2020.0,2020.0,40.0,Overall,Overall,Overall,2020-10-03,4957.200000000001,119.89999999999998,470853.0,14221.0,0.0,1.4789021373974465,0.0
Iowa,IHSP,2020.0,2020.0,41.0,Overall,Overall,Overall,2020-10-10,7261.5,295.3,631694.0,9534.0,0.0,1.4788799059354687,0.0
Maryland,EIP,2020.0,2020.0,45.0,Overall,Overall,Overall,2020-11-07,6944.899999999999,244.40000000000003,1004137.0,28885.0,0.0,1.4739403177056518,0.0
Colorado,EIP,2020.0,2020.0,31.0,Overall,Overall,Overall,2020-08-01,4341.699999999999,75.3,296741.0,12456.0,0.0,1.4737472769182554,0.0
Tennessee,EIP,2020.0,2020.0,43.0,Overall,Overall,Overall,2020-10-24,6762.399999999999,332.2,1558252.0,19946.0,0.0,1.4681875940476892,0.0
Iowa,IHSP,2020.0,2020.0,48.0,Overall,Overall,Overall,2020-11-28,12180.4,653.1,1408669.0,14868.0,0.0,1.4667190724719577,0.0
Iowa,IHSP,2020.0,2020.0,39.0,Overall,Overall,Overall,2020-09-26,6750.7,249.9,543694.0,8750.0,0.0,1.4540787536739417,0.0
Ohio,IHSP,2020.0,2020.0,37.0,Overall,Overall,Overall,2020-09-12,3172.6000000000004,110.60000000000001,889427.0,29470.0,0.0,1.454048280747043,0.0
Minnesota,EIP,2020.0,2020.0,37.0,Overall,Overall,Overall,2020-09-12,5005.2,139.9,546860.0,13219.0,0.0,1.4472847635592292,0.0
Utah,IHSP,2020.0,2020.0,48.0,Overall,Overall,Overall,2020-11-28,8006.400000000001,518.5,1164499.0,5304.0,0.0,1.4470276586755335,0.0
Tennessee,EIP,2020.0,2020.0,41.0,Overall,Overall,Overall,2020-10-10,6187.099999999999,288.80000000000007,1381122.0,17416.0,0.0,1.4400738379375613,0.0
California,EIP,2020.0,2020.0,35.0,Overall,Overall,Overall,2020-08-29,2658.7999999999993,166.6,4559711.0,82530.0,0.0,1.4384073452900854,0.0
Tennessee,EIP,2020.0,2020.0,34.0,Overall,Overall,Overall,2020-08-22,4831.000000000001,187.90000000000003,899646.0,9143.0,0.0,1.4383836626851008,0.0
Colorado,EIP,2020.0,2020.0,24.0,Overall,Overall,Overall,2020-06-13,3743.0999999999995,47.19999999999999,191249.0,10516.0,0.0,1.4333373601953472,0.0
Ohio,IHSP,2020.0,2020.0,34.0,Overall,Overall,Overall,2020-08-22,2892.2,90.29999999999998,736749.0,26304.0,0.0,1.433184836491125,0.0
Ohio,IHSP,2020.0,2020.0,43.0,Overall,Overall,Overall,2020-10-24,3758.500000000001,150.2,1231316.0,35281.0,0.0,1.426377301521299,0.0
Michigan,IHSP,2020.0,2020.0,42.0,Overall,Overall,Overall,2020-10-17,3485.0000000000005,146.20000000000002,1024910.0,50300.0,0.0,1.4216958962250346,0.0
Iowa,IHSP,2020.0,2020.0,42.0,Overall,Overall,Overall,2020-10-17,7565.000000000001,303.20000000000005,675681.0,10038.0,0.0,1.4195925225069228,0.0
Ohio,IHSP,2020.0,2020.0,49.0,Overall,Overall,Overall,2020-12-05,5212.6,330.0,2721573.0,43791.0,0.0,1.4178424058439731,0.0
Utah,IHSP,2020.0,2020.0,49.0,Overall,Overall,Overall,2020-12-05,8574.0,567.8000000000001,1305285.0,5853.0,0.0,1.4136999170296145,0.0
Colorado,EIP,2020.0,2020.0,25.0,Overall,Overall,Overall,2020-06-20,3791.5,48.5,200645.0,11027.0,0.0,1.4038444591193402,0.0
Tennessee,EIP,2020.0,2020.0,35.0,Overall,Overall,Overall,2020-08-29,5028.9,198.09999999999997,974353.0,10430.0,0.0,1.4001925538280273,0.0
Maryland,EIP,2020.0,2020.0,27.0,Overall,Overall,Overall,2020-07-04,4544.299999999999,106.2,460066.0,21870.0,0.0,1.3978998065494952,0.0
New Mexico,EIP,2020.0,2020.0,32.0,Overall,Overall,Overall,2020-08-08,2428.5999999999995,94.10000000000001,142229.0,4459.0,0.0,1.393559807774786,0.0
Iowa,IHSP,2020.0,2020.0,36.0,Overall,Overall,Overall,2020-09-05,6003.7,186.9,425849.0,7589.0,0.0,1.3884488419604133,0.0
Georgia,EIP,2020.0,2020.0,50.0,Overall,Overall,Overall,2020-12-12,10044.500000000002,440.1000000000001,3413215.0,67506.0,0.0,1.3809497736591456,0.0
Oregon,EIP,2020.0,2020.0,36.0,Overall,Overall,Overall,2020-09-05,1678.0,58.800000000000004,180779.0,3078.0,0.0,1.379588401307674,0.0
Minnesota,EIP,2020.0,2021.0,1.0,Overall,Overall,Overall,2021-01-02,25092.899999999998,688.7999999999998,2827253.0,35506.0,0.0,1.3782909310203222,0.0
Minnesota,EIP,2020.0,2020.0,53.0,Overall,Overall,Overall,2021-01-02,25092.899999999998,688.7999999999998,2827253.0,35506.0,0.0,1.3782909310203222,0.0
Colorado,EIP,2020.0,2020.0,51.0,Overall,Overall,Overall,2020-12-19,10965.199999999999,454.6000000000001,1938048.0,25803.0,0.0,1.3622929140041942,0.0
New York,EIP,2020.0,2020.0,21.0,Overall,Overall,Overall,2020-05-23,1596.3000000000006,168.1,2403418.0,193549.0,0.0,1.3524538992385011,0.0
Georgia,EIP,2020.0,2020.0,49.0,Overall,Overall,Overall,2020-12-05,9604.3,403.2,3226820.0,65315.0,0.0,1.3382459679808603,0.0
New York,EIP,2020.0,2020.0,18.0,Overall,Overall,Overall,2020-05-02,1110.3999999999999,129.5,1879951.0,143790.0,0.0,1.332009447054737,0.0
Oregon,EIP,2020.0,2020.0,44.0,Overall,Overall,Overall,2020-10-31,2356.9999999999995,89.69999999999999,286004.0,4485.0,0.0,1.3302722266122151,0.0
Michigan,IHSP,2020.0,2020.0,29.0,Overall,Overall,Overall,2020-07-18,2713.0,69.5,525612.0,43917.0,0.0,1.3178458111686948,0.0
Iowa,IHSP,2020.0,2020.0,43.0,Overall,Overall,Overall,2020-10-24,7867.800000000001,302.90000000000003,728613.0,10577.0,0.0,1.315159936619303,0.0
Utah,IHSP,2020.0,2020.0,33.0,Overall,Overall,Overall,2020-08-15,3115.4,120.99999999999999,299932.0,2298.0,0.0,1.311081708520598,0.0
Michigan,IHSP,2020.0,2020.0,52.0,Overall,Overall,Overall,2020-12-26,8259.599999999999,444.7000000000001,3405109.0,82189.0,0.0,1.30161090540714,0.0
Colorado,EIP,2020.0,2020.0,32.0,Overall,Overall,Overall,2020-08-08,4413.8,72.3,323682.0,12776.0,0.0,1.2972549715461472,0.0
Ohio,IHSP,2020.0,2020.0,36.0,Overall,Overall,Overall,2020-09-05,3062.0000000000005,91.9,832262.0,28462.0,0.0,1.2911879219524622,0.0
Utah,IHSP,2020.0,2020.0,40.0,Overall,Overall,Overall,2020-10-03,4269.5,187.10000000000002,471170.0,3121.0,0.0,1.2905158666723264,0.0
Ohio,IHSP,2020.0,2020.0,41.0,Overall,Overall,Overall,2020-10-10,3515.2000000000003,119.49999999999999,1087692.0,33905.0,0.0,1.2846830090687436,0.0
Michigan,IHSP,2020.0,2020.0,41.0,Overall,Overall,Overall,2020-10-10,3338.7999999999997,124.9,972086.0,49666.0,0.0,1.2805685088562122,0.0
Minnesota,EIP,2020.0,2020.0,38.0,Overall,Overall,Overall,2020-09-19,5134.9,129.6,577565.0,13561.0,0.0,1.26945282903223,0.0
California,EIP,2020.0,2021.0,2.0,Overall,Overall,Overall,2021-01-09,7420.3,517.5999999999999,16156825.0,180489.0,0.0,1.2611956354543665,0.0
New York,EIP,2020.0,2020.0,46.0,Overall,Overall,Overall,2020-11-14,3244.8999999999996,238.9,3666905.0,236845.0,0.0,1.2597969640337014,0.0
Maryland,EIP,2020.0,2021.0,3.0,Overall,Overall,Overall,2021-01-16,12063.599999999999,431.6,2075982.0,43148.0,0.0,1.2590109852590246,0.0
New Mexico,EIP,2020.0,2020.0,33.0,Overall,Overall,Overall,2020-08-15,2518.7,90.3,152204.0,4690.0,0.0,1.2496426224015136,0.0
Georgia,EIP,2020.0,2020.0,48.0,Overall,Overall,Overall,2020-11-28,9200.9,357.50000000000006,3064222.0,63661.0,0.0,1.2495279641945003,0.0
New Mexico,EIP,2020.0,2020.0,52.0,Overall,Overall,Overall,2020-12-26,8814.199999999999,522.2,880681.0,14590.0,0.0,1.248942331899973,0.0
New Mexico,EIP,2020.0,2020.0,40.0,Overall,Overall,Overall,2020-10-03,3023.0000000000005,117.00000000000001,197707.0,6026.0,0.0,1.246487595279884,0.0
Oregon,EIP,2020.0,2020.0,52.0,Overall,Overall,Overall,2020-12-26,4474.1,201.4,692712.0,8904.0,0.0,1.2331813362551827,0.0
Connecticut,EIP,2020.0,2021.0,3.0,Overall,Overall,Overall,2021-01-16,15630.300000000001,488.59999999999997,1411798.0,43849.0,0.0,1.2310211033023137,0.0
New York,EIP,2020.0,2020.0,19.0,Overall,Overall,Overall,2020-05-09,1246.0000000000002,135.5,2128871.0,165589.0,0.0,1.230761820702147,0.0
Oregon,EIP,2020.0,2020.0,37.0,Overall,Overall,Overall,2020-09-12,1733.6000000000001,55.49999999999999,191571.0,3297.0,0.0,1.2288062311101366,0.0
Tennessee,EIP,2020.0,2021.0,2.0,Overall,Overall,Overall,2021-01-09,15317.2,729.3000000000001,4107223.0,47917.0,0.0,1.2228622687884247,0.0
Tennessee,EIP,2020.0,2020.0,36.0,Overall,Overall,Overall,2020-09-05,5213.799999999998,185.09999999999997,1042763.0,11710.0,0.0,1.222476222689144,0.0
Iowa,IHSP,2020.0,2020.0,35.0,Overall,Overall,Overall,2020-08-29,5816.7,146.8,381859.0,7114.0,0.0,1.2161838657724446,0.0
Colorado,EIP,2020.0,2020.0,39.0,Overall,Overall,Overall,2020-09-26,4837.299999999999,91.9,442580.0,14030.0,0.0,1.2059500567129107,0.0
Maryland,EIP,2020.0,2020.0,26.0,Overall,Overall,Overall,2020-06-27,4437.899999999999,87.89999999999999,442449.0,21089.0,0.0,1.2030878040180901,0.0
New Mexico,EIP,2020.0,2020.0,41.0,Overall,Overall,Overall,2020-10-10,3141.7,118.8,208011.0,6176.0,0.0,1.202968579546274,0.0
New Mexico,EIP,2020.0,2020.0,51.0,Overall,Overall,Overall,2020-12-19,8292.3,455.8,802298.0,12940.0,0.0,1.1966379078596732,0.0
California,EIP,2020.0,2020.0,48.0,Overall,Overall,Overall,2020-11-28,4060.4,229.39999999999998,7559449.0,129788.0,0.0,1.1946686978376333,0.0
Utah,IHSP,2020.0,2020.0,34.0,Overall,Overall,Overall,2020-08-22,3231.8999999999996,116.49999999999997,318605.0,2484.0,0.0,1.1883394909056666,0.0
Minnesota,EIP,2020.0,2020.0,51.0,Overall,Overall,Overall,2020-12-19,11641.900000000001,531.9999999999999,2571481.0,29847.0,0.0,1.1704173369354078,0.0
Ohio,IHSP,2020.0,2020.0,35.0,Overall,Overall,Overall,2020-08-29,2970.2,78.3,783869.0,27442.0,0.0,1.168025385746853,0.0
Ohio,IHSP,2020.0,2020.0,48.0,Overall,Overall,Overall,2020-11-28,4882.500000000002,228.30000000000004,2293378.0,41166.0,0.0,1.1640302824479873,0.0
Iowa,IHSP,2020.0,2020.0,40.0,Overall,Overall,Overall,2020-10-03,6966.3,215.7,587050.0,9120.0,0.0,1.1623883957073502,0.0
Utah,IHSP,2020.0,2020.0,36.0,Overall,Overall,Overall,2020-09-05,3474.5,126.20000000000002,354070.0,2812.0,0.0,1.1583436320501599,0.0
Tennessee,EIP,2020.0,2020.0,37.0,Overall,Overall,Overall,2020-09-12,5399.5999999999985,185.70000000000007,1115724.0,12711.0,0.0,1.1462378453811162,0.0
Michigan,IHSP,2020.0,2020.0,30.0,Overall,Overall,Overall,2020-07-25,2777.2000000000003,64.1,557613.0,44410.0,0.0,1.1456981374178865,0.0
Tennessee,EIP,2020.0,2020.0,42.0,Overall,Overall,Overall,2020-10-17,6430.4,242.70000000000002,1464345.0,18822.0,0.0,1.1414213261219182,0.0
Utah,IHSP,2020.0,2020.0,50.0,Overall,Overall,Overall,2020-12-12,9080.0,505.6,1439728.0,6387.0,0.0,1.141284202571597,0.0
Utah,IHSP,2020.0,2020.0,35.0,Overall,Overall,Overall,2020-08-29,3348.2,116.3,335928.0,2644.0,0.0,1.1251248115667642,0.0
Utah,IHSP,2020.0,2020.0,51.0,Overall,Overall,Overall,2020-12-19,9611.5,531.6,1579954.0,7050.0,0.0,1.0934721367837292,0.0
Michigan,IHSP,2020.0,2020.0,22.0,Overall,Overall,Overall,2020-05-30,2538.1000000000004,40.89999999999999,373741.0,35730.0,0.0,1.0906807107060772,0.0
Georgia,EIP,2020.0,2021.0,3.0,Overall,Overall,Overall,2021-01-16,14228.799999999997,514.7,5082510.0,78667.0,0.0,1.0845912255755523,0.0
Tennessee,EIP,2020.0,2020.0,39.0,Overall,Overall,Overall,2020-09-26,5725.9,196.20000000000002,1250182.0,15169.0,0.0,1.0808001001454188,0.0
Georgia,EIP,2020.0,2020.0,36.0,Overall,Overall,Overall,2020-09-05,6846.7,184.39999999999998,1840374.0,37773.0,0.0,1.0731118429188848,0.0
Iowa,IHSP,2020.0,2020.0,49.0,Overall,Overall,Overall,2020-12-05,12704.200000000003,524.1000000000001,1558110.0,16287.0,0.0,1.0641240477886673,0.0
Maryland,EIP,2020.0,2020.0,44.0,Overall,Overall,Overall,2020-10-31,6700.800000000001,168.49999999999997,966570.0,28484.0,0.0,1.0556945042780141,0.0
New York,EIP,2020.0,2021.0,3.0,Overall,Overall,Overall,2021-01-16,9497.6,414.0,7585923.0,273757.0,0.0,1.0553000951894713,0.0
California,EIP,2020.0,2020.0,47.0,Overall,Overall,Overall,2020-11-21,3830.8999999999996,188.2,7049329.0,127102.0,0.0,1.0510322726602772,0.0
Connecticut,EIP,2020.0,2020.0,43.0,Overall,Overall,Overall,2020-10-24,8135.500000000001,128.09999999999997,435453.0,31768.0,0.0,1.0463872532741763,0.0
Ohio,IHSP,2020.0,2020.0,40.0,Overall,Overall,Overall,2020-10-03,3395.4,91.99999999999999,1035224.0,32875.0,0.0,1.0391721637056326,0.0
Colorado,EIP,2020.0,2020.0,52.0,Overall,Overall,Overall,2020-12-26,11339.4,374.4,2101211.0,29402.0,0.0,1.0348365745277366,0.0
Maryland,EIP,2020.0,2020.0,33.0,Overall,Overall,Overall,2020-08-15,5415.7,111.3,652319.0,24867.0,0.0,1.0332533049014363,0.0
New York,EIP,2020.0,2020.0,22.0,Overall,Overall,Overall,2020-05-30,1728.9,132.7,2494639.0,201301.0,0.0,1.0286018037880431,0.0
Maryland,EIP,2020.0,2020.0,34.0,Overall,Overall,Overall,2020-08-22,5531.5,115.89999999999999,687425.0,25333.0,0.0,1.0210094945630432,0.0
Georgia,EIP,2020.0,2020.0,35.0,Overall,Overall,Overall,2020-08-29,6662.5,163.89999999999998,1727062.0,34496.0,0.0,1.01639187608783,0.0
Utah,IHSP,2020.0,2020.0,37.0,Overall,Overall,Overall,2020-09-12,3590.5000000000005,116.30000000000001,373429.0,2901.0,0.0,1.0121359822081308,0.0
California,EIP,2020.0,2020.0,37.0,Overall,Overall,Overall,2020-09-12,2911.7,129.6,5080223.0,94060.0,0.0,1.0043068795995767,0.0
California,EIP,2020.0,2020.0,36.0,Overall,Overall,Overall,2020-09-05,2782.3,123.19999999999999,4840792.0,88462.0,0.0,1.001932578305368,0.0
New Mexico,EIP,2020.0,2020.0,34.0,Overall,Overall,Overall,2020-08-22,2593.6000000000004,75.0,160760.0,4903.0,0.0,0.9826693518288132,0.0
Michigan,IHSP,2020.0,2020.0,40.0,Overall,Overall,Overall,2020-10-03,3213.9,91.2,925738.0,49125.0,0.0,0.9818650806167619,0.0
Georgia,EIP,2020.0,2020.0,46.0,Overall,Overall,Overall,2020-11-14,8583.1,249.7,2767734.0,59481.0,0.0,0.9662385348086197,0.0
Georgia,EIP,2020.0,2020.0,45.0,Overall,Overall,Overall,2020-11-07,8333.599999999999,224.1,2498123.0,55385.0,0.0,0.9607672679447729,0.0
Colorado,EIP,2020.0,2020.0,38.0,Overall,Overall,Overall,2020-09-19,4745.1,69.7,421932.0,13863.0,0.0,0.9593915946171422,0.0
Georgia,EIP,2020.0,2020.0,47.0,Overall,Overall,Overall,2020-11-21,8843.5,260.1,2917519.0,61912.0,0.0,0.9548096933387582,0.0
Maryland,EIP,2020.0,2020.0,42.0,Overall,Overall,Overall,2020-10-17,6398.9,142.8,906395.0,27864.0,0.0,0.9540746866432406,0.0
Ohio,IHSP,2020.0,2020.0,42.0,Overall,Overall,Overall,2020-10-17,3608.3000000000006,93.29999999999998,1150557.0,34821.0,0.0,0.9482165126108484,0.0
Georgia,EIP,2020.0,2020.0,43.0,Overall,Overall,Overall,2020-10-24,7899.7,205.59999999999994,2354249.0,52646.0,0.0,0.9353214104370434,0.0
New Mexico,EIP,2020.0,2020.0,39.0,Overall,Overall,Overall,2020-09-26,2906.1,83.80000000000001,190446.0,5858.0,0.0,0.9268219453283346,0.0
New Mexico,EIP,2020.0,2020.0,35.0,Overall,Overall,Overall,2020-08-29,2667.5,73.69999999999999,167572.0,5131.0,0.0,0.9263821539397988,0.0
Georgia,EIP,2020.0,2020.0,44.0,Overall,Overall,Overall,2020-10-31,8109.2,209.2,2421320.0,54147.0,0.0,0.925336410057324,0.0
Connecticut,EIP,2020.0,2020.0,31.0,Overall,Overall,Overall,2020-08-01,7376.0999999999985,87.99999999999999,338934.0,30867.0,0.0,0.9235323927372289,0.0
Connecticut,EIP,2020.0,2021.0,4.0,Overall,Overall,Overall,2021-01-23,16023.400000000001,393.49999999999994,1542791.0,45736.0,0.0,0.9072400999228021,0.0
Tennessee,EIP,2020.0,2020.0,40.0,Overall,Overall,Overall,2020-10-03,5898.4,172.39999999999998,1317385.0,16186.0,0.0,0.9012476850730804,0.0
Colorado,EIP,2020.0,2020.0,35.0,Overall,Overall,Overall,2020-08-29,4576.299999999999,58.8,379388.0,13344.0,0.0,0.9001177612365177,0.0
California,EIP,2020.0,2021.0,3.0,Overall,Overall,Overall,2021-01-16,7827.6,407.2,18090796.0,200002.0,0.0,0.8861236045998196,0.0
Iowa,IHSP,2020.0,2020.0,50.0,Overall,Overall,Overall,2020-12-12,13168.400000000001,464.1,1668183.0,18060.0,0.0,0.8801244588273589,0.0
Michigan,IHSP,2020.0,2020.0,31.0,Overall,Overall,Overall,2020-08-01,2829.2000000000007,52.1,590970.0,44738.0,0.0,0.8786529189298949,0.0
Maryland,EIP,2020.0,2020.0,43.0,Overall,Overall,Overall,2020-10-24,6532.200000000001,133.6,935783.0,28170.0,0.0,0.8645755984026211,0.0
Georgia,EIP,2020.0,2020.0,42.0,Overall,Overall,Overall,2020-10-17,7694.199999999999,184.6,2292623.0,51131.0,0.0,0.8623612073158125,0.0
Utah,IHSP,2020.0,2020.0,52.0,Overall,Overall,Overall,2020-12-26,10063.5,452.09999999999997,1704788.0,7804.0,0.0,0.861849271522324,0.0
Colorado,EIP,2020.0,2020.0,33.0,Overall,Overall,Overall,2020-08-15,4464.8,51.199999999999996,345663.0,12968.0,0.0,0.8602459991378885,0.0
Ohio,IHSP,2020.0,2020.0,50.0,Overall,Overall,Overall,2020-12-12,5441.0999999999985,228.5,3135352.0,47188.0,0.0,0.8521850447732823,0.0
Maryland,EIP,2020.0,2020.0,41.0,Overall,Overall,Overall,2020-10-10,6255.799999999999,122.00000000000001,878757.0,27647.0,0.0,0.8407419161383637,0.0
Colorado,EIP,2020.0,2020.0,34.0,Overall,Overall,Overall,2020-08-22,4517.599999999999,52.79999999999999,365006.0,13173.0,0.0,0.8401165000027395,0.0
Connecticut,EIP,2020.0,2020.0,24.0,Overall,Overall,Overall,2020-06-13,7013.799999999999,71.5,303295.0,28102.0,0.0,0.8385430983036318,0.0
New Mexico,EIP,2020.0,2020.0,38.0,Overall,Overall,Overall,2020-09-19,2822.2,73.5,185007.0,5705.0,0.0,0.8368031831228008,0.0
Maryland,EIP,2020.0,2020.0,40.0,Overall,Overall,Overall,2020-10-03,6133.900000000001,115.60000000000001,853311.0,27366.0,0.0,0.8203933984209744,0.0
Georgia,EIP,2020.0,2020.0,37.0,Overall,Overall,Overall,2020-09-12,6994.700000000001,148.29999999999998,1939170.0,40974.0,0.0,0.8190594538384978,0.0
Connecticut,EIP,2020.0,2020.0,41.0,Overall,Overall,Overall,2020-10-10,7917.2,92.5,404659.0,31566.0,0.0,0.8130872042880549,0.0
New York,EIP,2020.0,2020.0,45.0,Overall,Overall,Overall,2020-11-07,3005.7999999999993,149.20000000000002,3550916.0,235891.0,0.0,0.8124796472797442,0.0
Maryland,EIP,2020.0,2020.0,37.0,Overall,Overall,Overall,2020-09-12,5821.8,103.1,771000.0,26444.0,0.0,0.8097966098573279,0.0
Maryland,EIP,2020.0,2021.0,4.0,Overall,Overall,Overall,2021-01-23,12357.800000000001,294.20000000000005,2225934.0,45123.0,0.0,0.8003907341367714,0.0
Maryland,EIP,2020.0,2020.0,35.0,Overall,Overall,Overall,2020-08-29,5626.1,94.3,716352.0,25671.0,0.0,0.7971808951465202,0.0
Utah,IHSP,2020.0,2021.0,2.0,Overall,Overall,Overall,2021-01-09,11489.3,470.9,1926207.0,8843.0,0.0,0.7944982138991292,0.0
Ohio,IHSP,2020.0,2020.0,39.0,Overall,Overall,Overall,2020-09-26,3303.2000000000003,67.3,990524.0,31895.0,0.0,0.7944820156805893,0.0
Ohio,IHSP,2020.0,2020.0,38.0,Overall,Overall,Overall,2020-09-19,3236.2999999999997,63.4,939678.0,30481.0,0.0,0.7889404219317682,0.0
Tennessee,EIP,2020.0,2021.0,3.0,Overall,Overall,Overall,2021-01-16,15823.199999999999,506.00000000000006,4430441.0,52413.0,0.0,0.7865442749378674,0.0
Michigan,IHSP,2020.0,2021.0,2.0,Overall,Overall,Overall,2021-01-09,9386.1,288.5,3705820.0,91386.0,0.0,0.7759014516355354,0.0
California,EIP,2020.0,2020.0,38.0,Overall,Overall,Overall,2020-09-19,3014.5000000000005,102.99999999999997,5259126.0,98576.0,0.0,0.7710239370572219,0.0
Connecticut,EIP,2020.0,2020.0,42.0,Overall,Overall,Overall,2020-10-17,8007.3,90.39999999999999,417587.0,31677.0,0.0,0.7700271857121989,0.0
Minnesota,EIP,2020.0,2020.0,52.0,Overall,Overall,Overall,2020-12-26,12009.000000000002,367.30000000000007,2725431.0,32944.0,0.0,0.7624268295913564,0.0
Tennessee,EIP,2020.0,2020.0,38.0,Overall,Overall,Overall,2020-09-19,5529.400000000001,129.8,1178280.0,13851.0,0.0,0.758657579862172,0.0
Maryland,EIP,2020.0,2020.0,36.0,Overall,Overall,Overall,2020-09-05,5718.299999999999,92.19999999999999,743013.0,26065.0,0.0,0.7514605321844974,0.0
Maryland,EIP,2020.0,2020.0,39.0,Overall,Overall,Overall,2020-09-26,6018.299999999999,102.7,829260.0,27028.0,0.0,0.7499829551648457,0.0
Michigan,IHSP,2020.0,2020.0,33.0,Overall,Overall,Overall,2020-08-15,2905.7,49.8,662485.0,45485.0,0.0,0.7492010219099301,0.0
Colorado,EIP,2020.0,2020.0,37.0,Overall,Overall,Overall,2020-09-12,4675.5,51.6,408049.0,13696.0,0.0,0.7344174361412479,0.0
Iowa,IHSP,2020.0,2020.0,53.0,Overall,Overall,Overall,2021-01-02,28158.3,440.50000000000017,1909161.0,25875.0,0.0,0.7299272405522638,0.0
Iowa,IHSP,2020.0,2021.0,1.0,Overall,Overall,Overall,2021-01-02,28158.3,440.50000000000017,1909161.0,25875.0,0.0,0.7299272405522638,0.0
Ohio,IHSP,2020.0,2021.0,1.0,Overall,Overall,Overall,2021-01-02,12013.3,279.60000000000014,4553701.0,58632.0,0.0,0.7179706074685188,0.0
Ohio,IHSP,2020.0,2020.0,53.0,Overall,Overall,Overall,2021-01-02,12013.3,279.60000000000014,4553701.0,58632.0,0.0,0.7179706074685188,0.0
Maryland,EIP,2020.0,2020.0,38.0,Overall,Overall,Overall,2020-09-19,5915.400000000001,93.60000000000001,800142.0,26753.0,0.0,0.70840309245109,0.0
New York,EIP,2020.0,2020.0,44.0,Overall,Overall,Overall,2020-10-31,2856.9,126.30000000000001,3457742.0,235261.0,0.0,0.7063091488028894,0.0
Colorado,EIP,2020.0,2020.0,36.0,Overall,Overall,Overall,2020-09-05,4623.9,47.50000000000001,394513.0,13524.0,0.0,0.6992587126406482,0.0
Georgia,EIP,2020.0,2020.0,41.0,Overall,Overall,Overall,2020-10-10,7509.399999999999,142.19999999999996,2234700.0,49440.0,0.0,0.681507324204591,0.0
Colorado,EIP,2020.0,2021.0,2.0,Overall,Overall,Overall,2021-01-09,12261.3,271.09999999999997,2337615.0,33601.0,0.0,0.6735380380858268,0.0
California,EIP,2020.0,2020.0,46.0,Overall,Overall,Overall,2020-11-14,3642.4,114.7,6707679.0,125018.0,0.0,0.6731864399891527,0.0
Iowa,IHSP,2020.0,2021.0,2.0,Overall,Overall,Overall,2021-01-09,14606.800000000001,416.3,1968325.0,27059.0,0.0,0.6690919661641243,0.0
New Mexico,EIP,2020.0,2021.0,3.0,Overall,Overall,Overall,2021-01-16,10513.2,333.0,1062184.0,18680.0,0.0,0.660341548168679,0.0
Georgia,EIP,2020.0,2020.0,38.0,Overall,Overall,Overall,2020-09-19,7119.0,124.0,2023580.0,43312.0,0.0,0.6562834718666917,0.0
Connecticut,EIP,2020.0,2020.0,34.0,Overall,Overall,Overall,2020-08-22,7530.999999999999,65.5,355430.0,31147.0,0.0,0.6554986720310609,0.0
Iowa,IHSP,2020.0,2021.0,3.0,Overall,Overall,Overall,2021-01-16,15027.100000000004,420.6,2046234.0,28505.0,0.0,0.650264709021549,0.0
Georgia,EIP,2020.0,2020.0,40.0,Overall,Overall,Overall,2020-10-03,7367.1,131.3,2178564.0,47596.0,0.0,0.6454826353965273,0.0
Iowa,IHSP,2020.0,2020.0,25.0,Overall,Overall,Overall,2020-06-20,3818.0000000000005,32.0,160836.0,4460.0,0.0,0.6294234624089134,0.0
California,EIP,2020.0,2020.0,40.0,Overall,Overall,Overall,2020-10-03,3173.6000000000004,89.29999999999998,5600114.0,107634.0,0.0,0.6277674642694772,0.0
Michigan,IHSP,2020.0,2020.0,39.0,Overall,Overall,Overall,2020-09-26,3122.7000000000003,55.2,885401.0,48643.0,0.0,0.6213612092148076,0.0
Oregon,EIP,2020.0,2021.0,2.0,Overall,Overall,Overall,2021-01-09,4931.5,116.4,795943.0,10296.0,0.0,0.6202848882394846,0.0
New York,EIP,2020.0,2020.0,23.0,Overall,Overall,Overall,2020-06-06,1810.3999999999999,81.79999999999997,2567012.0,206684.0,0.0,0.6161826578138315,0.0
Connecticut,EIP,2020.0,2020.0,28.0,Overall,Overall,Overall,2020-07-11,7196.7,54.8,326245.0,30297.0,0.0,0.5974771377339116,0.0
New Mexico,EIP,2020.0,2021.0,2.0,Overall,Overall,Overall,2021-01-09,10180.099999999997,282.59999999999997,998499.0,17285.0,0.0,0.596140556375119,0.0
Georgia,EIP,2020.0,2020.0,39.0,Overall,Overall,Overall,2020-09-26,7235.800000000002,117.19999999999997,2106320.0,45380.0,0.0,0.5959274907896234,0.0
Connecticut,EIP,2020.0,2020.0,40.0,Overall,Overall,Overall,2020-10-03,7824.5,64.1,394732.0,31490.0,0.0,0.5776174330938459,0.0
Michigan,IHSP,2020.0,2020.0,34.0,Overall,Overall,Overall,2020-08-22,2945.6000000000004,40.199999999999996,698829.0,45897.0,0.0,0.5733241050385716,0.0
Ohio,IHSP,2020.0,2020.0,51.0,Overall,Overall,Overall,2020-12-19,5621.599999999999,180.20000000000002,3704674.0,51005.0,0.0,0.5687727728269748,0.0
New York,EIP,2020.0,2020.0,43.0,Overall,Overall,Overall,2020-10-24,2730.4999999999995,98.50000000000001,3381484.0,234635.0,0.0,0.5632652515877645,0.0
Oregon,EIP,2020.0,2021.0,3.0,Overall,Overall,Overall,2021-01-16,5044.3,112.89999999999999,852255.0,10964.0,0.0,0.5618812917495349,0.0
New Mexico,EIP,2020.0,2020.0,36.0,Overall,Overall,Overall,2020-09-05,2713.5999999999995,46.4,174303.0,5326.0,0.0,0.5607086602066517,0.0
Connecticut,EIP,2020.0,2020.0,25.0,Overall,Overall,Overall,2020-06-20,7062.0999999999985,48.39999999999999,311850.0,28993.0,0.0,0.5520573686067018,0.0
Connecticut,EIP,2020.0,2020.0,32.0,Overall,Overall,Overall,2020-08-08,7429.499999999999,53.2,346700.0,30993.0,0.0,0.5458111312373811,0.0
Connecticut,EIP,2020.0,2020.0,30.0,Overall,Overall,Overall,2020-07-25,7287.900000000001,50.49999999999999,334105.0,30700.0,0.0,0.5376417683063707,0.0
Iowa,IHSP,2020.0,2020.0,51.0,Overall,Overall,Overall,2020-12-19,13467.7,299.20000000000005,1761641.0,20505.0,0.0,0.5373043947092513,0.0
Colorado,EIP,2020.0,2021.0,3.0,Overall,Overall,Overall,2021-01-16,12488.199999999999,226.9,2468906.0,35623.0,0.0,0.5337471094889802,0.0
California,EIP,2020.0,2020.0,45.0,Overall,Overall,Overall,2020-11-07,3527.7,86.30000000000001,6464565.0,122883.0,0.0,0.5255520102899423,0.0
Minnesota,EIP,2020.0,2021.0,2.0,Overall,Overall,Overall,2021-01-09,12966.1,268.5,2903335.0,37484.0,0.0,0.5231901682031181,0.0
New York,EIP,2020.0,2020.0,42.0,Overall,Overall,Overall,2020-10-17,2631.7000000000003,89.4,3312283.0,234057.0,0.0,0.5219082350149429,0.0
California,EIP,2020.0,2020.0,44.0,Overall,Overall,Overall,2020-10-31,3441.5,82.20000000000002,6252773.0,120466.0,0.0,0.5175393400016282,0.0
California,EIP,2020.0,2021.0,4.0,Overall,Overall,Overall,2021-01-23,8091.1,263.4,20163729.0,225664.0,0.0,0.5142675615804992,0.0
California,EIP,2020.0,2020.0,39.0,Overall,Overall,Overall,2020-09-26,3084.500000000001,69.8,5428668.0,103455.0,0.0,0.5061815982115687,0.0
Ohio,IHSP,2020.0,2020.0,52.0,Overall,Overall,Overall,2020-12-26,5802.2,180.3,4174000.0,54921.0,0.0,0.5050999101820796,0.0
Michigan,IHSP,2020.0,2021.0,3.0,Overall,Overall,Overall,2021-01-16,9582.4,196.2,3882259.0,96742.0,0.0,0.5036856353478735,0.0
Connecticut,EIP,2020.0,2020.0,38.0,Overall,Overall,Overall,2020-09-19,7710.7,52.800000000000004,378089.0,31334.0,0.0,0.49673467569805,0.0
New York,EIP,2020.0,2020.0,24.0,Overall,Overall,Overall,2020-06-13,1877.3999999999999,66.80000000000001,2625590.0,210968.0,0.0,0.4919643344162646,0.0
Michigan,IHSP,2020.0,2020.0,27.0,Overall,Overall,Overall,2020-07-04,2625.2000000000003,23.8,482652.0,42897.0,0.0,0.49145970388602966,0.0
Iowa,IHSP,2020.0,2020.0,52.0,Overall,Overall,Overall,2020-12-26,13749.800000000001,282.3,1837543.0,23975.0,0.0,0.486014896141206,0.0
Utah,IHSP,2020.0,2021.0,3.0,Overall,Overall,Overall,2021-01-16,11798.999999999998,309.5,2075453.0,9469.0,0.0,0.48463518590881116,0.0
Connecticut,EIP,2020.0,2020.0,27.0,Overall,Overall,Overall,2020-07-04,7141.799999999999,42.5,322156.0,30059.0,0.0,0.4692532654987025,0.0
New York,EIP,2020.0,2021.0,4.0,Overall,Overall,Overall,2021-01-23,9699.800000000001,201.6,8371402.0,282917.0,0.0,0.4656680017994596,0.0
Tennessee,EIP,2020.0,2021.0,4.0,Overall,Overall,Overall,2021-01-23,16135.499999999998,312.1000000000001,4696458.0,57313.0,0.0,0.4576599836302167,0.0
Connecticut,EIP,2020.0,2020.0,39.0,Overall,Overall,Overall,2020-09-26,7760.2,49.499999999999986,387059.0,31421.0,0.0,0.45489653256996987,0.0
Michigan,IHSP,2020.0,2020.0,23.0,Overall,Overall,Overall,2020-06-06,2555.7999999999993,17.599999999999998,392594.0,37574.0,0.0,0.4468009393928587,0.0
Michigan,IHSP,2020.0,2020.0,35.0,Overall,Overall,Overall,2020-08-29,2977.8,32.199999999999996,732330.0,46400.0,0.0,0.4382219368317561,0.0
Michigan,IHSP,2020.0,2020.0,38.0,Overall,Overall,Overall,2020-09-19,3067.6000000000004,37.2,846390.0,48123.0,0.0,0.4380437457909474,0.0
Connecticut,EIP,2020.0,2020.0,29.0,Overall,Overall,Overall,2020-07-18,7237.399999999999,40.199999999999996,330187.0,30411.0,0.0,0.4330626014955161,0.0
Connecticut,EIP,2020.0,2020.0,36.0,Overall,Overall,Overall,2020-09-05,7616.099999999999,43.99999999999999,366106.0,31246.0,0.0,0.42749439779735915,0.0
California,EIP,2020.0,2020.0,41.0,Overall,Overall,Overall,2020-10-10,3236.0,62.29999999999999,5757932.0,111589.0,0.0,0.42595696847409786,0.0
California,EIP,2020.0,2020.0,42.0,Overall,Overall,Overall,2020-10-17,3299.6,63.89999999999999,5917583.0,114803.0,0.0,0.4251094043294365,0.0
Michigan,IHSP,2020.0,2020.0,32.0,Overall,Overall,Overall,2020-08-08,2856.1,26.7,627550.0,45055.0,0.0,0.4240411417416939,0.0
Connecticut,EIP,2020.0,2020.0,26.0,Overall,Overall,Overall,2020-06-27,7099.5,37.1,318480.0,29608.0,0.0,0.41435858641044965,0.0
New Mexico,EIP,2020.0,2020.0,37.0,Overall,Overall,Overall,2020-09-12,2748.5999999999995,35.2,180293.0,5544.0,0.0,0.4112329863056248,0.0
Connecticut,EIP,2020.0,2020.0,35.0,Overall,Overall,Overall,2020-08-29,7572.099999999999,41.300000000000004,359825.0,31207.0,0.0,0.40826609546307235,0.0
New York,EIP,2020.0,2020.0,27.0,Overall,Overall,Overall,2020-07-04,2018.4,56.900000000000006,2733336.0,219073.0,0.0,0.40253468816127985,0.0
Connecticut,EIP,2020.0,2020.0,37.0,Overall,Overall,Overall,2020-09-12,7658.0999999999985,42.0,372297.0,31270.0,0.0,0.40127707717225763,0.0
Utah,IHSP,2020.0,2021.0,4.0,Overall,Overall,Overall,2021-01-23,12071.499999999998,272.5,2215679.0,10177.0,0.0,0.39969328928062237,0.0
New York,EIP,2020.0,2020.0,28.0,Overall,Overall,Overall,2020-07-11,2074.5,55.79999999999999,2765491.0,224042.0,0.0,0.39016294061343887,0.0
California,EIP,2020.0,2020.0,43.0,Overall,Overall,Overall,2020-10-24,3359.5,59.59999999999999,6073134.0,117636.0,0.0,0.38634705718661894,0.0
Michigan,IHSP,2020.0,2020.0,26.0,Overall,Overall,Overall,2020-06-27,2601.5,18.099999999999998,468002.0,42393.0,0.0,0.3854569969786453,0.0
Michigan,IHSP,2020.0,2020.0,25.0,Overall,Overall,Overall,2020-06-20,2583.3999999999996,17.599999999999998,458135.0,41818.0,5.0,0.3828813952219323,1.0913813613891102e-05
Minnesota,EIP,2020.0,2021.0,3.0,Overall,Overall,Overall,2021-01-16,13168.300000000001,202.3,3009035.0,39452.0,0.0,0.38034794763105123,0.0
Michigan,IHSP,2020.0,2020.0,36.0,Overall,Overall,Overall,2020-09-05,3007.1,29.399999999999995,770944.0,46915.0,0.0,0.3800752285509712,0.0
Michigan,IHSP,2020.0,2021.0,4.0,Overall,Overall,Overall,2021-01-23,9732.5,150.29999999999998,4030827.0,101223.0,0.0,0.3716292503994837,0.0
Michigan,IHSP,2020.0,2020.0,28.0,Overall,Overall,Overall,2020-07-11,2643.4999999999995,18.3,501415.0,43415.0,0.0,0.36374651037563693,0.0
Connecticut,EIP,2020.0,2020.0,33.0,Overall,Overall,Overall,2020-08-15,7465.299999999999,35.900000000000006,351602.0,31071.0,0.0,0.363184837970205,0.0
New York,EIP,2020.0,2020.0,33.0,Overall,Overall,Overall,2020-08-15,2263.1,54.49999999999999,2932432.0,229256.0,0.0,0.35937893598214715,0.0
Colorado,EIP,2020.0,2021.0,4.0,Overall,Overall,Overall,2021-01-23,12647.4,159.09999999999997,2583034.0,37141.0,0.0,0.3577220016848403,0.0
Ohio,IHSP,2020.0,2021.0,2.0,Overall,Overall,Overall,2021-01-09,6228.800000000001,147.29999999999998,4885276.0,62165.0,0.0,0.3525718637186517,0.0
New York,EIP,2020.0,2020.0,29.0,Overall,Overall,Overall,2020-07-18,2124.2,49.900000000000006,2797362.0,226020.0,0.0,0.34493394934227317,0.0
New York,EIP,2020.0,2020.0,41.0,Overall,Overall,Overall,2020-10-10,2542.4000000000005,57.70000000000001,3243145.0,233404.0,0.0,0.3440277801948418,0.0
New York,EIP,2020.0,2020.0,25.0,Overall,Overall,Overall,2020-06-20,1923.1,45.6,2666997.0,214375.0,0.0,0.33061791430586535,0.0
New Mexico,EIP,2020.0,2021.0,4.0,Overall,Overall,Overall,2021-01-23,10684.7,171.8,1123058.0,19917.0,0.0,0.32221452872425116,0.0
Iowa,IHSP,2020.0,2021.0,4.0,Overall,Overall,Overall,2021-01-23,15236.600000000002,209.7,2114575.0,29745.0,0.0,0.3137267496778312,0.0
Minnesota,EIP,2020.0,2021.0,4.0,Overall,Overall,Overall,2021-01-23,13339.299999999997,171.0,3093697.0,41166.0,0.0,0.31270207845176823,0.0
Michigan,IHSP,2020.0,2020.0,37.0,Overall,Overall,Overall,2020-09-12,3030.6,23.4,807232.0,47502.0,0.0,0.2889099874633315,0.0
New York,EIP,2020.0,2020.0,34.0,Overall,Overall,Overall,2020-08-22,2306.4,43.300000000000004,2964058.0,229670.0,0.0,0.28247841331040086,0.0
New York,EIP,2020.0,2020.0,26.0,Overall,Overall,Overall,2020-06-27,1961.6999999999998,38.49999999999999,2701185.0,216901.0,0.0,0.27560714131020264,0.0
New York,EIP,2020.0,2020.0,37.0,Overall,Overall,Overall,2020-09-12,2392.0,41.0,3075590.0,230827.0,0.0,0.2577742208811968,0.0
Michigan,IHSP,2020.0,2020.0,24.0,Overall,Overall,Overall,2020-06-13,2565.9,10.2,424193.0,39880.0,0.0,0.2396523775734159,0.0
Oregon,EIP,2020.0,2021.0,4.0,Overall,Overall,Overall,2021-01-23,5094.200000000002,50.2,910617.0,12082.0,0.0,0.23382349703552646,0.0
New York,EIP,2020.0,2020.0,32.0,Overall,Overall,Overall,2020-08-08,2208.9,32.6,2900264.0,228732.0,0.0,0.21735224710578072,0.0
New York,EIP,2020.0,2020.0,40.0,Overall,Overall,Overall,2020-10-03,2484.5,34.6,3189149.0,232817.0,0.0,0.20979027621475196,0.0
Ohio,IHSP,2020.0,2021.0,3.0,Overall,Overall,Overall,2021-01-16,6321.4000000000015,92.60000000000001,5268956.0,65990.0,0.0,0.20550406839609214,0.0
Georgia,EIP,2020.0,2021.0,4.0,Overall,Overall,Overall,2021-01-23,14334.499999999998,105.8,5538591.0,83640.0,0.0,0.20458629254263405,0.0
New York,EIP,2020.0,2020.0,31.0,Overall,Overall,Overall,2020-08-01,2176.4,28.400000000000002,2867476.0,228012.0,0.0,0.19151492057823677,0.0
New York,EIP,2020.0,2020.0,38.0,Overall,Overall,Overall,2020-09-19,2421.5999999999995,29.7,3110604.0,231121.0,0.0,0.18462724512666992,0.0
New York,EIP,2020.0,2020.0,39.0,Overall,Overall,Overall,2020-09-26,2449.7999999999997,28.0,3149471.0,231433.0,0.0,0.17191132352068011,0.0
New York,EIP,2020.0,2020.0,35.0,Overall,Overall,Overall,2020-08-29,2333.2000000000003,26.60000000000001,2994906.0,230047.0,0.0,0.1717443691387977,0.0
New York,EIP,2020.0,2020.0,30.0,Overall,Overall,Overall,2020-07-25,2148.2,23.599999999999998,2832882.0,227112.0,0.0,0.16108963013637703,0.0
New York,EIP,2020.0,2020.0,36.0,Overall,Overall,Overall,2020-09-05,2350.600000000001,17.4,3024659.0,230475.0,0.0,0.11123895368039835,0.0
Ohio,IHSP,2020.0,2021.0,4.0,Overall,Overall,Overall,2021-01-23,6346.400000000001,24.999999999999996,5647530.0,69767.0,0.0,0.051762527157890245,0.0
Iowa,IHSP,2020.0,2020.0,11.0,Overall,Overall,Overall,2020-03-14,0.0,0.0,45.0,0.0,0.0,0.0,0.0
Iowa,IHSP,2020.0,2020.0,13.0,Overall,Overall,Overall,2020-03-28,23.5,0.0,322.0,0.0,0.0,0.0,0.0
Iowa,IHSP,2020.0,2020.0,10.0,Overall,Overall,Overall,2020-03-07,0.0,0.0,1.0,0.0,0.0,0.0,0.0
